<?xml version="1.0" encoding="UTF-8"?><module codename="org.netbeans.modules.apisupport.harness">
    <module_version install_time="1343680599403" last="true" origin="installer" specification_version="1.30.1">
        <file crc="2309339016" name="antlib/bindex-2.2.jar"/>
        <file crc="623532342" name="antlib/jsearch-2.0_05.jar"/>
        <file crc="3100915308" name="build.xml"/>
        <file crc="3734783465" name="common.xml"/>
        <file crc="2967796174" name="config/Modules/org-netbeans-modules-apisupport-harness.xml"/>
        <file crc="1289644161" name="etc/Info.plist"/>
        <file crc="271397868" name="etc/app.conf"/>
        <file crc="2195682192" name="etc/applicationIcon.icns"/>
        <file crc="43866191" name="jdk.xml"/>
        <file crc="3108050047" name="jnlp.xml"/>
        <file crc="3193921925" name="jnlp/jnlp-launcher.jar"/>
        <file crc="1122541861" name="launchers/app.exe"/>
        <file crc="4293767465" name="launchers/app.sh"/>
        <file crc="1399450397" name="launchers/app64.exe"/>
        <file crc="1618502330" name="launchers/pre7_app.exe"/>
        <file crc="2223057369" name="launchers/pre7_app_w.exe"/>
        <file crc="3604171438" name="modules/locale/org-netbeans-modules-apisupport-harness_ar_SA.jar"/>
        <file crc="485759945" name="modules/locale/org-netbeans-modules-apisupport-harness_ca.jar"/>
        <file crc="1980492123" name="modules/locale/org-netbeans-modules-apisupport-harness_cs.jar"/>
        <file crc="3671101670" name="modules/locale/org-netbeans-modules-apisupport-harness_de.jar"/>
        <file crc="4174386232" name="modules/locale/org-netbeans-modules-apisupport-harness_es.jar"/>
        <file crc="91498943" name="modules/locale/org-netbeans-modules-apisupport-harness_fr.jar"/>
        <file crc="2559793242" name="modules/locale/org-netbeans-modules-apisupport-harness_gl_ES.jar"/>
        <file crc="579239966" name="modules/locale/org-netbeans-modules-apisupport-harness_in_ID.jar"/>
        <file crc="2553501217" name="modules/locale/org-netbeans-modules-apisupport-harness_it.jar"/>
        <file crc="2502002318" name="modules/locale/org-netbeans-modules-apisupport-harness_ko.jar"/>
        <file crc="3502230251" name="modules/locale/org-netbeans-modules-apisupport-harness_nl_NL.jar"/>
        <file crc="856366263" name="modules/locale/org-netbeans-modules-apisupport-harness_pl.jar"/>
        <file crc="294087165" name="modules/locale/org-netbeans-modules-apisupport-harness_pt_PT.jar"/>
        <file crc="2909741516" name="modules/locale/org-netbeans-modules-apisupport-harness_ro.jar"/>
        <file crc="1624450896" name="modules/locale/org-netbeans-modules-apisupport-harness_si.jar"/>
        <file crc="3084108610" name="modules/locale/org-netbeans-modules-apisupport-harness_sq.jar"/>
        <file crc="3148786631" name="modules/locale/org-netbeans-modules-apisupport-harness_sv.jar"/>
        <file crc="4118613842" name="modules/locale/org-netbeans-modules-apisupport-harness_tr.jar"/>
        <file crc="589652760" name="modules/locale/org-netbeans-modules-apisupport-harness_zh_TW.jar"/>
        <file crc="3795576123" name="modules/org-netbeans-modules-apisupport-harness.jar"/>
        <file crc="1644352092" name="no-testcoverage.xml"/>
        <file crc="3495537136" name="osgi.xml"/>
        <file crc="4206908813" name="run.xml"/>
        <file crc="766439842" name="suite.xml"/>
        <file crc="954674253" name="tasks.jar"/>
    </module_version>
</module>
