<?xml version="1.0" encoding="UTF-8"?><module codename="org.netbeans.modules.nbjunit/1">
    <module_version install_time="1343680600912" last="true" origin="installer" specification_version="1.75.1">
        <file crc="3013490805" name="config/Modules/org-netbeans-modules-nbjunit.xml"/>
        <file crc="1645084213" name="modules/locale/org-netbeans-modules-nbjunit_ar_SA.jar"/>
        <file crc="3052984878" name="modules/locale/org-netbeans-modules-nbjunit_ca.jar"/>
        <file crc="3400320487" name="modules/locale/org-netbeans-modules-nbjunit_cs.jar"/>
        <file crc="2783853159" name="modules/locale/org-netbeans-modules-nbjunit_de.jar"/>
        <file crc="1167016405" name="modules/locale/org-netbeans-modules-nbjunit_es.jar"/>
        <file crc="3463800481" name="modules/locale/org-netbeans-modules-nbjunit_fr.jar"/>
        <file crc="1718090838" name="modules/locale/org-netbeans-modules-nbjunit_gl_ES.jar"/>
        <file crc="631218865" name="modules/locale/org-netbeans-modules-nbjunit_in_ID.jar"/>
        <file crc="1248427660" name="modules/locale/org-netbeans-modules-nbjunit_it.jar"/>
        <file crc="1686704755" name="modules/locale/org-netbeans-modules-nbjunit_ko.jar"/>
        <file crc="1242608423" name="modules/locale/org-netbeans-modules-nbjunit_nl_NL.jar"/>
        <file crc="344748884" name="modules/locale/org-netbeans-modules-nbjunit_pl.jar"/>
        <file crc="3462133075" name="modules/locale/org-netbeans-modules-nbjunit_pt_PT.jar"/>
        <file crc="2005066197" name="modules/locale/org-netbeans-modules-nbjunit_ro.jar"/>
        <file crc="3864176170" name="modules/locale/org-netbeans-modules-nbjunit_si.jar"/>
        <file crc="2493050830" name="modules/locale/org-netbeans-modules-nbjunit_sq.jar"/>
        <file crc="2929474299" name="modules/locale/org-netbeans-modules-nbjunit_sv.jar"/>
        <file crc="3527200286" name="modules/locale/org-netbeans-modules-nbjunit_tr.jar"/>
        <file crc="3042024471" name="modules/locale/org-netbeans-modules-nbjunit_zh_TW.jar"/>
        <file crc="171442233" name="modules/org-netbeans-modules-nbjunit.jar"/>
    </module_version>
</module>
