<?xml version="1.0" encoding="UTF-8"?><module codename="org.netbeans.modules.jemmy/3">
    <module_version install_time="1343680597761" last="true" origin="installer" specification_version="3.14.1">
        <file crc="2792960258" name="config/Modules/org-netbeans-modules-jemmy.xml"/>
        <file crc="2443337397" name="modules/ext/jemmy-2.3.0.0.jar"/>
        <file crc="3640199190" name="modules/locale/org-netbeans-modules-jemmy_ar_SA.jar"/>
        <file crc="1751750949" name="modules/locale/org-netbeans-modules-jemmy_ca.jar"/>
        <file crc="2573217692" name="modules/locale/org-netbeans-modules-jemmy_cs.jar"/>
        <file crc="732678699" name="modules/locale/org-netbeans-modules-jemmy_de.jar"/>
        <file crc="1498939003" name="modules/locale/org-netbeans-modules-jemmy_es.jar"/>
        <file crc="328075787" name="modules/locale/org-netbeans-modules-jemmy_fr.jar"/>
        <file crc="2178065783" name="modules/locale/org-netbeans-modules-jemmy_gl_ES.jar"/>
        <file crc="2455086837" name="modules/locale/org-netbeans-modules-jemmy_in_ID.jar"/>
        <file crc="3985169331" name="modules/locale/org-netbeans-modules-jemmy_it.jar"/>
        <file crc="394481877" name="modules/locale/org-netbeans-modules-jemmy_ko.jar"/>
        <file crc="3866810605" name="modules/locale/org-netbeans-modules-jemmy_nl_NL.jar"/>
        <file crc="252910893" name="modules/locale/org-netbeans-modules-jemmy_pl.jar"/>
        <file crc="2475436823" name="modules/locale/org-netbeans-modules-jemmy_pt_PT.jar"/>
        <file crc="3638857328" name="modules/locale/org-netbeans-modules-jemmy_ro.jar"/>
        <file crc="3479775633" name="modules/locale/org-netbeans-modules-jemmy_si.jar"/>
        <file crc="2683197544" name="modules/locale/org-netbeans-modules-jemmy_sq.jar"/>
        <file crc="223584268" name="modules/locale/org-netbeans-modules-jemmy_sv.jar"/>
        <file crc="272693541" name="modules/locale/org-netbeans-modules-jemmy_tr.jar"/>
        <file crc="1879945154" name="modules/locale/org-netbeans-modules-jemmy_zh_TW.jar"/>
        <file crc="3288623693" name="modules/org-netbeans-modules-jemmy.jar"/>
    </module_version>
</module>
