<?xml version="1.0" encoding="UTF-8"?><module codename="org.netbeans.libs.nbi.engine">
    <module_version install_time="1343680594248" last="true" origin="installer" specification_version="1.9.1">
        <file crc="2987946696" name="config/Modules/org-netbeans-libs-nbi-engine.xml"/>
        <file crc="464340994" name="modules/ext/locale/nbi-engine_ca.jar"/>
        <file crc="3436219063" name="modules/ext/locale/nbi-engine_cs.jar"/>
        <file crc="3099029251" name="modules/ext/locale/nbi-engine_de.jar"/>
        <file crc="2475428235" name="modules/ext/locale/nbi-engine_es.jar"/>
        <file crc="2098744732" name="modules/ext/locale/nbi-engine_fr.jar"/>
        <file crc="840404309" name="modules/ext/locale/nbi-engine_gl_ES.jar"/>
        <file crc="4149244986" name="modules/ext/locale/nbi-engine_in_ID.jar"/>
        <file crc="838614742" name="modules/ext/locale/nbi-engine_it.jar"/>
        <file crc="579522559" name="modules/ext/locale/nbi-engine_ko.jar"/>
        <file crc="409018454" name="modules/ext/locale/nbi-engine_nl_NL.jar"/>
        <file crc="2706056098" name="modules/ext/locale/nbi-engine_pl.jar"/>
        <file crc="153243258" name="modules/ext/locale/nbi-engine_ro.jar"/>
        <file crc="991895547" name="modules/ext/locale/nbi-engine_si.jar"/>
        <file crc="570069039" name="modules/ext/locale/nbi-engine_sv.jar"/>
        <file crc="3524099275" name="modules/ext/locale/nbi-engine_tr.jar"/>
        <file crc="1085679159" name="modules/ext/nbi-engine.jar"/>
        <file crc="1448777381" name="modules/locale/org-netbeans-libs-nbi-engine_ca.jar"/>
        <file crc="1076219770" name="modules/locale/org-netbeans-libs-nbi-engine_cs.jar"/>
        <file crc="1228651019" name="modules/locale/org-netbeans-libs-nbi-engine_de.jar"/>
        <file crc="1453762799" name="modules/locale/org-netbeans-libs-nbi-engine_es.jar"/>
        <file crc="2189771917" name="modules/locale/org-netbeans-libs-nbi-engine_fr.jar"/>
        <file crc="2840657176" name="modules/locale/org-netbeans-libs-nbi-engine_gl_ES.jar"/>
        <file crc="3155736006" name="modules/locale/org-netbeans-libs-nbi-engine_in_ID.jar"/>
        <file crc="1600741731" name="modules/locale/org-netbeans-libs-nbi-engine_it.jar"/>
        <file crc="3167599296" name="modules/locale/org-netbeans-libs-nbi-engine_ko.jar"/>
        <file crc="461789125" name="modules/locale/org-netbeans-libs-nbi-engine_nl_NL.jar"/>
        <file crc="1236961053" name="modules/locale/org-netbeans-libs-nbi-engine_pl.jar"/>
        <file crc="885655317" name="modules/locale/org-netbeans-libs-nbi-engine_ro.jar"/>
        <file crc="2965976953" name="modules/locale/org-netbeans-libs-nbi-engine_si.jar"/>
        <file crc="75369301" name="modules/locale/org-netbeans-libs-nbi-engine_sv.jar"/>
        <file crc="3177663394" name="modules/locale/org-netbeans-libs-nbi-engine_tr.jar"/>
        <file crc="3967111837" name="modules/org-netbeans-libs-nbi-engine.jar"/>
    </module_version>
</module>
