<?xml version="1.0" encoding="UTF-8"?><module codename="org.netbeans.modules.jellytools.platform/3">
    <module_version install_time="1343680595768" last="true" origin="installer" specification_version="3.13.1">
        <file crc="1104713638" name="config/Modules/org-netbeans-modules-jellytools-platform.xml"/>
        <file crc="1340554055" name="modules/locale/org-netbeans-modules-jellytools-platform_ar_SA.jar"/>
        <file crc="893094438" name="modules/locale/org-netbeans-modules-jellytools-platform_ca.jar"/>
        <file crc="3361352595" name="modules/locale/org-netbeans-modules-jellytools-platform_cs.jar"/>
        <file crc="1907180537" name="modules/locale/org-netbeans-modules-jellytools-platform_de.jar"/>
        <file crc="2089712050" name="modules/locale/org-netbeans-modules-jellytools-platform_es.jar"/>
        <file crc="2586338245" name="modules/locale/org-netbeans-modules-jellytools-platform_fr.jar"/>
        <file crc="1208800264" name="modules/locale/org-netbeans-modules-jellytools-platform_gl_ES.jar"/>
        <file crc="2615144481" name="modules/locale/org-netbeans-modules-jellytools-platform_in_ID.jar"/>
        <file crc="2859682569" name="modules/locale/org-netbeans-modules-jellytools-platform_it.jar"/>
        <file crc="1847703680" name="modules/locale/org-netbeans-modules-jellytools-platform_ko.jar"/>
        <file crc="4174401629" name="modules/locale/org-netbeans-modules-jellytools-platform_nl_NL.jar"/>
        <file crc="3301807548" name="modules/locale/org-netbeans-modules-jellytools-platform_pl.jar"/>
        <file crc="2664892456" name="modules/locale/org-netbeans-modules-jellytools-platform_pt_PT.jar"/>
        <file crc="2294421967" name="modules/locale/org-netbeans-modules-jellytools-platform_ro.jar"/>
        <file crc="3871163376" name="modules/locale/org-netbeans-modules-jellytools-platform_si.jar"/>
        <file crc="3217235681" name="modules/locale/org-netbeans-modules-jellytools-platform_sq.jar"/>
        <file crc="13326779" name="modules/locale/org-netbeans-modules-jellytools-platform_sv.jar"/>
        <file crc="4261021483" name="modules/locale/org-netbeans-modules-jellytools-platform_tr.jar"/>
        <file crc="2764389062" name="modules/locale/org-netbeans-modules-jellytools-platform_zh_TW.jar"/>
        <file crc="2894826135" name="modules/org-netbeans-modules-jellytools-platform.jar"/>
    </module_version>
</module>
