<?xml version="1.0" encoding="UTF-8"?><module codename="org.netbeans.insane/1">
    <module_version install_time="1343680604186" last="true" origin="installer" specification_version="1.17.1.1">
        <file crc="288786892" name="config/Modules/org-netbeans-insane.xml"/>
        <file crc="3012252520" name="modules/locale/org-netbeans-insane_ar_SA.jar"/>
        <file crc="1077291763" name="modules/locale/org-netbeans-insane_ca.jar"/>
        <file crc="2362860265" name="modules/locale/org-netbeans-insane_cs.jar"/>
        <file crc="4233491934" name="modules/locale/org-netbeans-insane_de.jar"/>
        <file crc="1492930374" name="modules/locale/org-netbeans-insane_es.jar"/>
        <file crc="1400368734" name="modules/locale/org-netbeans-insane_fr.jar"/>
        <file crc="1034235857" name="modules/locale/org-netbeans-insane_gl_ES.jar"/>
        <file crc="3969227966" name="modules/locale/org-netbeans-insane_in_ID.jar"/>
        <file crc="1382171573" name="modules/locale/org-netbeans-insane_it.jar"/>
        <file crc="3028606461" name="modules/locale/org-netbeans-insane_ko.jar"/>
        <file crc="2305931945" name="modules/locale/org-netbeans-insane_nl_NL.jar"/>
        <file crc="906122767" name="modules/locale/org-netbeans-insane_pl.jar"/>
        <file crc="3886858254" name="modules/locale/org-netbeans-insane_pt_PT.jar"/>
        <file crc="3096217979" name="modules/locale/org-netbeans-insane_ro.jar"/>
        <file crc="321889794" name="modules/locale/org-netbeans-insane_si.jar"/>
        <file crc="1348000465" name="modules/locale/org-netbeans-insane_sq.jar"/>
        <file crc="567406747" name="modules/locale/org-netbeans-insane_sv.jar"/>
        <file crc="1668467097" name="modules/locale/org-netbeans-insane_tr.jar"/>
        <file crc="165061518" name="modules/locale/org-netbeans-insane_zh_TW.jar"/>
        <file crc="555162927" name="modules/org-netbeans-insane.jar"/>
    </module_version>
</module>
