<?xml version="1.0" encoding="UTF-8"?><module codename="org.openide.modules">
    <module_version install_time="1343681225188" last="true" origin="installer" specification_version="7.32.1">
        <file crc="1391508081" name="config/ModuleAutoDeps/org-openide-modules.xml"/>
        <file crc="2549017637" name="lib/locale/org-openide-modules_ar_SA.jar"/>
        <file crc="2987592518" name="lib/locale/org-openide-modules_bg.jar"/>
        <file crc="3530234061" name="lib/locale/org-openide-modules_ca.jar"/>
        <file crc="1612596252" name="lib/locale/org-openide-modules_cs.jar"/>
        <file crc="638446546" name="lib/locale/org-openide-modules_de.jar"/>
        <file crc="1597850065" name="lib/locale/org-openide-modules_es.jar"/>
        <file crc="1016108732" name="lib/locale/org-openide-modules_fr.jar"/>
        <file crc="2087020132" name="lib/locale/org-openide-modules_gl_ES.jar"/>
        <file crc="538824634" name="lib/locale/org-openide-modules_in_ID.jar"/>
        <file crc="3074820022" name="lib/locale/org-openide-modules_it.jar"/>
        <file crc="939455827" name="lib/locale/org-openide-modules_ko.jar"/>
        <file crc="3700052448" name="lib/locale/org-openide-modules_nl_NL.jar"/>
        <file crc="1934353898" name="lib/locale/org-openide-modules_pl.jar"/>
        <file crc="4216500599" name="lib/locale/org-openide-modules_pt_PT.jar"/>
        <file crc="133307772" name="lib/locale/org-openide-modules_ro.jar"/>
        <file crc="3607733387" name="lib/locale/org-openide-modules_si.jar"/>
        <file crc="2744889417" name="lib/locale/org-openide-modules_sq.jar"/>
        <file crc="2919252113" name="lib/locale/org-openide-modules_sv.jar"/>
        <file crc="2656075632" name="lib/locale/org-openide-modules_tr.jar"/>
        <file crc="3127242747" name="lib/locale/org-openide-modules_zh_TW.jar"/>
        <file crc="119054498" name="lib/org-openide-modules.jar"/>
    </module_version>
</module>
