<?xml version="1.0" encoding="UTF-8"?><module codename="org.netbeans.spi.quicksearch">
    <module_version install_time="1343681204198" last="true" origin="installer" specification_version="1.14.1">
        <file crc="2420451830" name="config/Modules/org-netbeans-spi-quicksearch.xml"/>
        <file crc="2990805957" name="modules/locale/org-netbeans-spi-quicksearch_ar_SA.jar"/>
        <file crc="538553065" name="modules/locale/org-netbeans-spi-quicksearch_bg.jar"/>
        <file crc="259416592" name="modules/locale/org-netbeans-spi-quicksearch_ca.jar"/>
        <file crc="3818699118" name="modules/locale/org-netbeans-spi-quicksearch_cs.jar"/>
        <file crc="485635681" name="modules/locale/org-netbeans-spi-quicksearch_de.jar"/>
        <file crc="425009010" name="modules/locale/org-netbeans-spi-quicksearch_es.jar"/>
        <file crc="3940777581" name="modules/locale/org-netbeans-spi-quicksearch_fr.jar"/>
        <file crc="2613500086" name="modules/locale/org-netbeans-spi-quicksearch_gl_ES.jar"/>
        <file crc="3921090563" name="modules/locale/org-netbeans-spi-quicksearch_in_ID.jar"/>
        <file crc="3695639428" name="modules/locale/org-netbeans-spi-quicksearch_it.jar"/>
        <file crc="1527401279" name="modules/locale/org-netbeans-spi-quicksearch_ko.jar"/>
        <file crc="2853888376" name="modules/locale/org-netbeans-spi-quicksearch_nl_NL.jar"/>
        <file crc="3450109694" name="modules/locale/org-netbeans-spi-quicksearch_pl.jar"/>
        <file crc="2289442711" name="modules/locale/org-netbeans-spi-quicksearch_pt_PT.jar"/>
        <file crc="3141373552" name="modules/locale/org-netbeans-spi-quicksearch_ro.jar"/>
        <file crc="1233762741" name="modules/locale/org-netbeans-spi-quicksearch_si.jar"/>
        <file crc="1996157940" name="modules/locale/org-netbeans-spi-quicksearch_sq.jar"/>
        <file crc="1917026521" name="modules/locale/org-netbeans-spi-quicksearch_sv.jar"/>
        <file crc="4211072173" name="modules/locale/org-netbeans-spi-quicksearch_tr.jar"/>
        <file crc="214065809" name="modules/locale/org-netbeans-spi-quicksearch_zh_TW.jar"/>
        <file crc="653710269" name="modules/org-netbeans-spi-quicksearch.jar"/>
    </module_version>
</module>
