<?xml version="1.0" encoding="UTF-8" standalone="no"?>
<module codename="org.openide.util.lookup">
    <module_version install_time="1343681177413" last="false" origin="installer" specification_version="8.15.1">
        <file crc="4268928427" name="lib/locale/org-openide-util-lookup_bg.jar"/>
        <file crc="414161574" name="lib/locale/org-openide-util-lookup_ca.jar"/>
        <file crc="2267116758" name="lib/locale/org-openide-util-lookup_cs.jar"/>
        <file crc="2270338560" name="lib/locale/org-openide-util-lookup_de.jar"/>
        <file crc="841703523" name="lib/locale/org-openide-util-lookup_es.jar"/>
        <file crc="891812283" name="lib/locale/org-openide-util-lookup_fr.jar"/>
        <file crc="2431881041" name="lib/locale/org-openide-util-lookup_gl_ES.jar"/>
        <file crc="562106207" name="lib/locale/org-openide-util-lookup_in_ID.jar"/>
        <file crc="203455075" name="lib/locale/org-openide-util-lookup_it.jar"/>
        <file crc="2106819039" name="lib/locale/org-openide-util-lookup_ko.jar"/>
        <file crc="3486239107" name="lib/locale/org-openide-util-lookup_nl_NL.jar"/>
        <file crc="2314095699" name="lib/locale/org-openide-util-lookup_pl.jar"/>
        <file crc="171750244" name="lib/locale/org-openide-util-lookup_ro.jar"/>
        <file crc="3279015112" name="lib/locale/org-openide-util-lookup_si.jar"/>
        <file crc="2574742956" name="lib/locale/org-openide-util-lookup_sv.jar"/>
        <file crc="2508797009" name="lib/locale/org-openide-util-lookup_tr.jar"/>
        <file crc="2799188869" name="lib/org-openide-util-lookup.jar"/>
    </module_version>
    <module_version install_time="1351685530491" last="true" origin="NetBeans Distribution" specification_version="8.15.2">
        <file crc="1100490639" name="lib/locale/org-openide-util-lookup_ja.jar"/>
        <file crc="2001089394" name="lib/locale/org-openide-util-lookup_pt_BR.jar"/>
        <file crc="2778085341" name="lib/locale/org-openide-util-lookup_ru.jar"/>
        <file crc="2987038259" name="lib/locale/org-openide-util-lookup_zh_CN.jar"/>
        <file crc="2736181090" name="lib/org-openide-util-lookup.jar"/>
    </module_version>
</module>
