<?xml version="1.0" encoding="UTF-8"?><module codename="org.netbeans.modules.sampler">
    <module_version install_time="1343681210251" last="true" origin="installer" specification_version="1.1.1">
        <file crc="3630527653" name="config/Modules/org-netbeans-modules-sampler.xml"/>
        <file crc="1023078902" name="modules/locale/org-netbeans-modules-sampler_de.jar"/>
        <file crc="295996235" name="modules/locale/org-netbeans-modules-sampler_es.jar"/>
        <file crc="3080399519" name="modules/locale/org-netbeans-modules-sampler_fr.jar"/>
        <file crc="3296794627" name="modules/locale/org-netbeans-modules-sampler_it.jar"/>
        <file crc="1203019346" name="modules/org-netbeans-modules-sampler.jar"/>
    </module_version>
</module>
