<?xml version="1.0" encoding="UTF-8" standalone="no"?>
<module codename="org.netbeans.modules.autoupdate.services">
    <module_version install_time="1343681223736" last="false" origin="installer" specification_version="1.33.1">
        <file crc="83784818" name="config/Modules/org-netbeans-modules-autoupdate-services.xml"/>
        <file crc="4124654724" name="modules/ext/locale/updater_ar_SA.jar"/>
        <file crc="461487714" name="modules/ext/locale/updater_bg.jar"/>
        <file crc="2726549261" name="modules/ext/locale/updater_ca.jar"/>
        <file crc="4030018677" name="modules/ext/locale/updater_cs.jar"/>
        <file crc="4266464563" name="modules/ext/locale/updater_de.jar"/>
        <file crc="227199753" name="modules/ext/locale/updater_es.jar"/>
        <file crc="3154876577" name="modules/ext/locale/updater_fr.jar"/>
        <file crc="3598463174" name="modules/ext/locale/updater_gl_ES.jar"/>
        <file crc="731228202" name="modules/ext/locale/updater_in_ID.jar"/>
        <file crc="2682988143" name="modules/ext/locale/updater_it.jar"/>
        <file crc="1951421096" name="modules/ext/locale/updater_ko.jar"/>
        <file crc="741655255" name="modules/ext/locale/updater_nl_NL.jar"/>
        <file crc="3033166261" name="modules/ext/locale/updater_pl.jar"/>
        <file crc="1789745978" name="modules/ext/locale/updater_pt_PT.jar"/>
        <file crc="3665024144" name="modules/ext/locale/updater_ro.jar"/>
        <file crc="2857934660" name="modules/ext/locale/updater_si.jar"/>
        <file crc="2108215099" name="modules/ext/locale/updater_sq.jar"/>
        <file crc="829309555" name="modules/ext/locale/updater_sv.jar"/>
        <file crc="2739599651" name="modules/ext/locale/updater_tr.jar"/>
        <file crc="3249067637" name="modules/ext/locale/updater_zh_TW.jar"/>
        <file crc="393981624" name="modules/ext/updater.jar"/>
        <file crc="858650145" name="modules/locale/org-netbeans-modules-autoupdate-services_ar_SA.jar"/>
        <file crc="85429347" name="modules/locale/org-netbeans-modules-autoupdate-services_bg.jar"/>
        <file crc="681060759" name="modules/locale/org-netbeans-modules-autoupdate-services_ca.jar"/>
        <file crc="1583333875" name="modules/locale/org-netbeans-modules-autoupdate-services_cs.jar"/>
        <file crc="3911744916" name="modules/locale/org-netbeans-modules-autoupdate-services_de.jar"/>
        <file crc="1968426613" name="modules/locale/org-netbeans-modules-autoupdate-services_es.jar"/>
        <file crc="20896076" name="modules/locale/org-netbeans-modules-autoupdate-services_fr.jar"/>
        <file crc="2009057278" name="modules/locale/org-netbeans-modules-autoupdate-services_gl_ES.jar"/>
        <file crc="1096063857" name="modules/locale/org-netbeans-modules-autoupdate-services_in_ID.jar"/>
        <file crc="3946391644" name="modules/locale/org-netbeans-modules-autoupdate-services_it.jar"/>
        <file crc="1855215812" name="modules/locale/org-netbeans-modules-autoupdate-services_ko.jar"/>
        <file crc="3775235182" name="modules/locale/org-netbeans-modules-autoupdate-services_nl_NL.jar"/>
        <file crc="1258416189" name="modules/locale/org-netbeans-modules-autoupdate-services_pl.jar"/>
        <file crc="63555926" name="modules/locale/org-netbeans-modules-autoupdate-services_pt_PT.jar"/>
        <file crc="1623703678" name="modules/locale/org-netbeans-modules-autoupdate-services_ro.jar"/>
        <file crc="859784014" name="modules/locale/org-netbeans-modules-autoupdate-services_si.jar"/>
        <file crc="2519373572" name="modules/locale/org-netbeans-modules-autoupdate-services_sq.jar"/>
        <file crc="555122036" name="modules/locale/org-netbeans-modules-autoupdate-services_sv.jar"/>
        <file crc="1706807873" name="modules/locale/org-netbeans-modules-autoupdate-services_tr.jar"/>
        <file crc="2344992061" name="modules/locale/org-netbeans-modules-autoupdate-services_zh_TW.jar"/>
        <file crc="3444686912" name="modules/org-netbeans-modules-autoupdate-services.jar"/>
    </module_version>
    <module_version install_time="1351685530837" last="true" origin="NetBeans Distribution" specification_version="1.33.2">
        <file crc="78518140" name="modules/ext/locale/updater_ja.jar"/>
        <file crc="3059365624" name="modules/ext/locale/updater_pt_BR.jar"/>
        <file crc="1850049726" name="modules/ext/locale/updater_ru.jar"/>
        <file crc="2847470685" name="modules/ext/locale/updater_zh_CN.jar"/>
        <file crc="699821344" name="modules/locale/org-netbeans-modules-autoupdate-services_ja.jar"/>
        <file crc="144828878" name="modules/locale/org-netbeans-modules-autoupdate-services_pt_BR.jar"/>
        <file crc="3273975105" name="modules/locale/org-netbeans-modules-autoupdate-services_ru.jar"/>
        <file crc="898843951" name="modules/locale/org-netbeans-modules-autoupdate-services_zh_CN.jar"/>
        <file crc="83784818" name="config/Modules/org-netbeans-modules-autoupdate-services.xml"/>
        <file crc="278198637" name="modules/org-netbeans-modules-autoupdate-services.jar"/>
    </module_version>
</module>
