<?xml version="1.0" encoding="UTF-8" standalone="no"?>
<module codename="org.netbeans.modules.masterfs/2">
    <module_version install_time="1343681138882" last="false" origin="installer" specification_version="2.38.1">
        <file crc="1644917168" name="config/Modules/org-netbeans-modules-masterfs.xml"/>
        <file crc="624359182" name="modules/locale/org-netbeans-modules-masterfs_ar_SA.jar"/>
        <file crc="974578505" name="modules/locale/org-netbeans-modules-masterfs_bg.jar"/>
        <file crc="2948062399" name="modules/locale/org-netbeans-modules-masterfs_ca.jar"/>
        <file crc="3098411785" name="modules/locale/org-netbeans-modules-masterfs_cs.jar"/>
        <file crc="2902144776" name="modules/locale/org-netbeans-modules-masterfs_de.jar"/>
        <file crc="2194475369" name="modules/locale/org-netbeans-modules-masterfs_es.jar"/>
        <file crc="17881764" name="modules/locale/org-netbeans-modules-masterfs_fr.jar"/>
        <file crc="2147301010" name="modules/locale/org-netbeans-modules-masterfs_gl_ES.jar"/>
        <file crc="176863406" name="modules/locale/org-netbeans-modules-masterfs_in_ID.jar"/>
        <file crc="214070621" name="modules/locale/org-netbeans-modules-masterfs_it.jar"/>
        <file crc="464964615" name="modules/locale/org-netbeans-modules-masterfs_ko.jar"/>
        <file crc="2545441793" name="modules/locale/org-netbeans-modules-masterfs_nl_NL.jar"/>
        <file crc="830687350" name="modules/locale/org-netbeans-modules-masterfs_pl.jar"/>
        <file crc="80753085" name="modules/locale/org-netbeans-modules-masterfs_pt_PT.jar"/>
        <file crc="2029088766" name="modules/locale/org-netbeans-modules-masterfs_ro.jar"/>
        <file crc="1100595648" name="modules/locale/org-netbeans-modules-masterfs_si.jar"/>
        <file crc="481823510" name="modules/locale/org-netbeans-modules-masterfs_sq.jar"/>
        <file crc="4124246873" name="modules/locale/org-netbeans-modules-masterfs_sv.jar"/>
        <file crc="961385031" name="modules/locale/org-netbeans-modules-masterfs_tr.jar"/>
        <file crc="2339541447" name="modules/locale/org-netbeans-modules-masterfs_zh_TW.jar"/>
        <file crc="347803906" name="modules/org-netbeans-modules-masterfs.jar"/>
    </module_version>
    <module_version install_time="1351685530221" last="true" origin="NetBeans Distribution" specification_version="2.38.2">
        <file crc="3246677557" name="modules/locale/org-netbeans-modules-masterfs_ja.jar"/>
        <file crc="2919153859" name="modules/locale/org-netbeans-modules-masterfs_pt_BR.jar"/>
        <file crc="809168148" name="modules/locale/org-netbeans-modules-masterfs_ru.jar"/>
        <file crc="398784964" name="modules/locale/org-netbeans-modules-masterfs_zh_CN.jar"/>
        <file crc="1644917168" name="config/Modules/org-netbeans-modules-masterfs.xml"/>
        <file crc="408763532" name="modules/org-netbeans-modules-masterfs.jar"/>
    </module_version>
</module>
