<?xml version="1.0" encoding="UTF-8"?><module codename="org.netbeans.modules.sendopts/2">
    <module_version install_time="1343681174373" last="true" origin="installer" specification_version="2.22.1">
        <file crc="3090052921" name="config/Modules/org-netbeans-modules-sendopts.xml"/>
        <file crc="2773907380" name="modules/locale/org-netbeans-modules-sendopts_ar_SA.jar"/>
        <file crc="1828734336" name="modules/locale/org-netbeans-modules-sendopts_bg.jar"/>
        <file crc="1196519812" name="modules/locale/org-netbeans-modules-sendopts_ca.jar"/>
        <file crc="2561606585" name="modules/locale/org-netbeans-modules-sendopts_cs.jar"/>
        <file crc="831920638" name="modules/locale/org-netbeans-modules-sendopts_de.jar"/>
        <file crc="2295333383" name="modules/locale/org-netbeans-modules-sendopts_es.jar"/>
        <file crc="1545914611" name="modules/locale/org-netbeans-modules-sendopts_fr.jar"/>
        <file crc="2661063909" name="modules/locale/org-netbeans-modules-sendopts_gl_ES.jar"/>
        <file crc="2703689391" name="modules/locale/org-netbeans-modules-sendopts_in_ID.jar"/>
        <file crc="2774310103" name="modules/locale/org-netbeans-modules-sendopts_it.jar"/>
        <file crc="377859910" name="modules/locale/org-netbeans-modules-sendopts_ko.jar"/>
        <file crc="2706542723" name="modules/locale/org-netbeans-modules-sendopts_nl_NL.jar"/>
        <file crc="2904440033" name="modules/locale/org-netbeans-modules-sendopts_pl.jar"/>
        <file crc="3968518316" name="modules/locale/org-netbeans-modules-sendopts_pt_PT.jar"/>
        <file crc="2422066545" name="modules/locale/org-netbeans-modules-sendopts_ro.jar"/>
        <file crc="1132044759" name="modules/locale/org-netbeans-modules-sendopts_si.jar"/>
        <file crc="1628505487" name="modules/locale/org-netbeans-modules-sendopts_sq.jar"/>
        <file crc="3209544092" name="modules/locale/org-netbeans-modules-sendopts_sv.jar"/>
        <file crc="2314520464" name="modules/locale/org-netbeans-modules-sendopts_tr.jar"/>
        <file crc="1076622334" name="modules/locale/org-netbeans-modules-sendopts_zh_TW.jar"/>
        <file crc="1062498488" name="modules/org-netbeans-modules-sendopts.jar"/>
    </module_version>
</module>
