<?xml version="1.0" encoding="UTF-8"?><module codename="org.netbeans.modules.javahelp/1">
    <module_version install_time="1343681192347" last="true" origin="installer" specification_version="2.27.1">
        <file crc="3126457443" name="config/Modules/org-netbeans-modules-javahelp.xml"/>
        <file crc="3125108413" name="modules/ext/jhall-2.0_05.jar"/>
        <file crc="375893625" name="modules/locale/org-netbeans-modules-javahelp_ar_SA.jar"/>
        <file crc="3740192466" name="modules/locale/org-netbeans-modules-javahelp_bg.jar"/>
        <file crc="2758945281" name="modules/locale/org-netbeans-modules-javahelp_ca.jar"/>
        <file crc="2288348989" name="modules/locale/org-netbeans-modules-javahelp_cs.jar"/>
        <file crc="3203796245" name="modules/locale/org-netbeans-modules-javahelp_de.jar"/>
        <file crc="1607493188" name="modules/locale/org-netbeans-modules-javahelp_es.jar"/>
        <file crc="2798363626" name="modules/locale/org-netbeans-modules-javahelp_fr.jar"/>
        <file crc="1493337428" name="modules/locale/org-netbeans-modules-javahelp_gl_ES.jar"/>
        <file crc="1244710413" name="modules/locale/org-netbeans-modules-javahelp_in_ID.jar"/>
        <file crc="3184680454" name="modules/locale/org-netbeans-modules-javahelp_it.jar"/>
        <file crc="2597972314" name="modules/locale/org-netbeans-modules-javahelp_ko.jar"/>
        <file crc="215918540" name="modules/locale/org-netbeans-modules-javahelp_nl_NL.jar"/>
        <file crc="1831830488" name="modules/locale/org-netbeans-modules-javahelp_pl.jar"/>
        <file crc="1352950294" name="modules/locale/org-netbeans-modules-javahelp_pt_PT.jar"/>
        <file crc="875467242" name="modules/locale/org-netbeans-modules-javahelp_ro.jar"/>
        <file crc="1817444184" name="modules/locale/org-netbeans-modules-javahelp_si.jar"/>
        <file crc="2607131147" name="modules/locale/org-netbeans-modules-javahelp_sq.jar"/>
        <file crc="2028661503" name="modules/locale/org-netbeans-modules-javahelp_sv.jar"/>
        <file crc="1567844323" name="modules/locale/org-netbeans-modules-javahelp_tr.jar"/>
        <file crc="3647087973" name="modules/locale/org-netbeans-modules-javahelp_zh_TW.jar"/>
        <file crc="2025216624" name="modules/org-netbeans-modules-javahelp.jar"/>
    </module_version>
</module>
