<?xml version="1.0" encoding="UTF-8"?><module codename="org.openide.actions">
    <module_version install_time="1343681211725" last="true" origin="installer" specification_version="6.26.1">
        <file crc="3556488737" name="config/Modules/org-openide-actions.xml"/>
        <file crc="217722982" name="modules/locale/org-openide-actions_ar_SA.jar"/>
        <file crc="630519882" name="modules/locale/org-openide-actions_bg.jar"/>
        <file crc="2451333168" name="modules/locale/org-openide-actions_ca.jar"/>
        <file crc="991849304" name="modules/locale/org-openide-actions_cs.jar"/>
        <file crc="4023391154" name="modules/locale/org-openide-actions_de.jar"/>
        <file crc="3542953533" name="modules/locale/org-openide-actions_es.jar"/>
        <file crc="2472170320" name="modules/locale/org-openide-actions_fr.jar"/>
        <file crc="1631778893" name="modules/locale/org-openide-actions_gl_ES.jar"/>
        <file crc="4020708166" name="modules/locale/org-openide-actions_in_ID.jar"/>
        <file crc="3068728070" name="modules/locale/org-openide-actions_it.jar"/>
        <file crc="2114082193" name="modules/locale/org-openide-actions_ko.jar"/>
        <file crc="355374698" name="modules/locale/org-openide-actions_nl_NL.jar"/>
        <file crc="2037345756" name="modules/locale/org-openide-actions_pl.jar"/>
        <file crc="3105683370" name="modules/locale/org-openide-actions_pt_PT.jar"/>
        <file crc="2410311382" name="modules/locale/org-openide-actions_ro.jar"/>
        <file crc="3426094248" name="modules/locale/org-openide-actions_si.jar"/>
        <file crc="3602592205" name="modules/locale/org-openide-actions_sq.jar"/>
        <file crc="1645432116" name="modules/locale/org-openide-actions_sv.jar"/>
        <file crc="2988030327" name="modules/locale/org-openide-actions_tr.jar"/>
        <file crc="1651634326" name="modules/locale/org-openide-actions_zh_TW.jar"/>
        <file crc="2721898726" name="modules/org-openide-actions.jar"/>
    </module_version>
</module>
