<?xml version="1.0" encoding="UTF-8"?><module codename="org.netbeans.swing.outline">
    <module_version install_time="1343681156602" last="true" origin="installer" specification_version="1.20.1">
        <file crc="3679534386" name="config/Modules/org-netbeans-swing-outline.xml"/>
        <file crc="1270091763" name="modules/locale/org-netbeans-swing-outline_ar_SA.jar"/>
        <file crc="3124392046" name="modules/locale/org-netbeans-swing-outline_bg.jar"/>
        <file crc="1115249659" name="modules/locale/org-netbeans-swing-outline_ca.jar"/>
        <file crc="1726745598" name="modules/locale/org-netbeans-swing-outline_cs.jar"/>
        <file crc="370711425" name="modules/locale/org-netbeans-swing-outline_de.jar"/>
        <file crc="2254710527" name="modules/locale/org-netbeans-swing-outline_es.jar"/>
        <file crc="3454231559" name="modules/locale/org-netbeans-swing-outline_fr.jar"/>
        <file crc="557435024" name="modules/locale/org-netbeans-swing-outline_gl_ES.jar"/>
        <file crc="418583828" name="modules/locale/org-netbeans-swing-outline_in_ID.jar"/>
        <file crc="2480923636" name="modules/locale/org-netbeans-swing-outline_it.jar"/>
        <file crc="3911204212" name="modules/locale/org-netbeans-swing-outline_ko.jar"/>
        <file crc="3458804926" name="modules/locale/org-netbeans-swing-outline_nl_NL.jar"/>
        <file crc="2256532583" name="modules/locale/org-netbeans-swing-outline_pl.jar"/>
        <file crc="3722993848" name="modules/locale/org-netbeans-swing-outline_pt_PT.jar"/>
        <file crc="4000886639" name="modules/locale/org-netbeans-swing-outline_ro.jar"/>
        <file crc="3432470016" name="modules/locale/org-netbeans-swing-outline_si.jar"/>
        <file crc="20360551" name="modules/locale/org-netbeans-swing-outline_sq.jar"/>
        <file crc="3185573520" name="modules/locale/org-netbeans-swing-outline_sv.jar"/>
        <file crc="299817002" name="modules/locale/org-netbeans-swing-outline_tr.jar"/>
        <file crc="2361424052" name="modules/locale/org-netbeans-swing-outline_zh_TW.jar"/>
        <file crc="2521192567" name="modules/org-netbeans-swing-outline.jar"/>
    </module_version>
</module>
