<?xml version="1.0" encoding="UTF-8"?><module codename="org.netbeans.libs.jna/1">
    <module_version install_time="1343681196478" last="true" origin="installer" specification_version="1.21.1">
        <file crc="1637808577" name="config/Modules/org-netbeans-libs-jna.xml"/>
        <file crc="198839373" name="modules/ext/jna-3.4.0.jar"/>
        <file crc="4123392542" name="modules/lib/amd64/jnidispatch-340.dll"/>
        <file crc="2243223952" name="modules/lib/amd64/linux/libjnidispatch-340.so"/>
        <file crc="3431670608" name="modules/lib/i386/linux/libjnidispatch-340.so"/>
        <file crc="2310303239" name="modules/lib/libjnidispatch-340.jnilib"/>
        <file crc="1569335712" name="modules/lib/x86/jnidispatch-340.dll"/>
        <file crc="2568610304" name="modules/locale/org-netbeans-libs-jna_ar_SA.jar"/>
        <file crc="344183674" name="modules/locale/org-netbeans-libs-jna_bg.jar"/>
        <file crc="587597271" name="modules/locale/org-netbeans-libs-jna_ca.jar"/>
        <file crc="1838425994" name="modules/locale/org-netbeans-libs-jna_cs.jar"/>
        <file crc="2975828230" name="modules/locale/org-netbeans-libs-jna_de.jar"/>
        <file crc="2972296435" name="modules/locale/org-netbeans-libs-jna_es.jar"/>
        <file crc="1869636200" name="modules/locale/org-netbeans-libs-jna_fr.jar"/>
        <file crc="1329932359" name="modules/locale/org-netbeans-libs-jna_gl_ES.jar"/>
        <file crc="2771106019" name="modules/locale/org-netbeans-libs-jna_in_ID.jar"/>
        <file crc="674394724" name="modules/locale/org-netbeans-libs-jna_it.jar"/>
        <file crc="789498933" name="modules/locale/org-netbeans-libs-jna_ko.jar"/>
        <file crc="1225527904" name="modules/locale/org-netbeans-libs-jna_nl_NL.jar"/>
        <file crc="1931355155" name="modules/locale/org-netbeans-libs-jna_pl.jar"/>
        <file crc="4107385589" name="modules/locale/org-netbeans-libs-jna_pt_PT.jar"/>
        <file crc="3663907156" name="modules/locale/org-netbeans-libs-jna_ro.jar"/>
        <file crc="4240888774" name="modules/locale/org-netbeans-libs-jna_si.jar"/>
        <file crc="1938188184" name="modules/locale/org-netbeans-libs-jna_sq.jar"/>
        <file crc="1983743897" name="modules/locale/org-netbeans-libs-jna_sv.jar"/>
        <file crc="637423437" name="modules/locale/org-netbeans-libs-jna_tr.jar"/>
        <file crc="2078892696" name="modules/locale/org-netbeans-libs-jna_zh_TW.jar"/>
        <file crc="3517354280" name="modules/org-netbeans-libs-jna.jar"/>
    </module_version>
</module>
