<?xml version="1.0" encoding="UTF-8"?><module codename="org.openide.dialogs">
    <module_version install_time="1343681183331" last="true" origin="installer" specification_version="7.25.1">
        <file crc="807629635" name="config/Modules/org-openide-dialogs.xml"/>
        <file crc="3874320547" name="modules/locale/org-openide-dialogs_ar_SA.jar"/>
        <file crc="3371064778" name="modules/locale/org-openide-dialogs_bg.jar"/>
        <file crc="943716214" name="modules/locale/org-openide-dialogs_ca.jar"/>
        <file crc="2738052323" name="modules/locale/org-openide-dialogs_cs.jar"/>
        <file crc="330672851" name="modules/locale/org-openide-dialogs_de.jar"/>
        <file crc="36910622" name="modules/locale/org-openide-dialogs_es.jar"/>
        <file crc="4042942687" name="modules/locale/org-openide-dialogs_fr.jar"/>
        <file crc="2997665008" name="modules/locale/org-openide-dialogs_gl_ES.jar"/>
        <file crc="2987443687" name="modules/locale/org-openide-dialogs_in_ID.jar"/>
        <file crc="1194086748" name="modules/locale/org-openide-dialogs_it.jar"/>
        <file crc="869102131" name="modules/locale/org-openide-dialogs_ko.jar"/>
        <file crc="816155226" name="modules/locale/org-openide-dialogs_nl_NL.jar"/>
        <file crc="2590998275" name="modules/locale/org-openide-dialogs_pl.jar"/>
        <file crc="3296183262" name="modules/locale/org-openide-dialogs_pt_PT.jar"/>
        <file crc="2024146315" name="modules/locale/org-openide-dialogs_ro.jar"/>
        <file crc="1082848489" name="modules/locale/org-openide-dialogs_si.jar"/>
        <file crc="3714797472" name="modules/locale/org-openide-dialogs_sq.jar"/>
        <file crc="547288843" name="modules/locale/org-openide-dialogs_sv.jar"/>
        <file crc="1343862837" name="modules/locale/org-openide-dialogs_tr.jar"/>
        <file crc="1972384606" name="modules/locale/org-openide-dialogs_zh_TW.jar"/>
        <file crc="2885843215" name="modules/org-openide-dialogs.jar"/>
    </module_version>
</module>
