<?xml version="1.0" encoding="UTF-8" standalone="no"?>
<module codename="org.openide.util">
    <module_version install_time="1343681127055" last="false" origin="installer" specification_version="8.25.1">
        <file crc="3298874072" name="config/ModuleAutoDeps/org-openide-util.xml"/>
        <file crc="2466160025" name="lib/locale/org-openide-util_ar_SA.jar"/>
        <file crc="3870275676" name="lib/locale/org-openide-util_bg.jar"/>
        <file crc="1012713115" name="lib/locale/org-openide-util_ca.jar"/>
        <file crc="3509599642" name="lib/locale/org-openide-util_cs.jar"/>
        <file crc="4268031000" name="lib/locale/org-openide-util_de.jar"/>
        <file crc="1708060261" name="lib/locale/org-openide-util_es.jar"/>
        <file crc="3490502697" name="lib/locale/org-openide-util_fr.jar"/>
        <file crc="1256041411" name="lib/locale/org-openide-util_gl_ES.jar"/>
        <file crc="1377619911" name="lib/locale/org-openide-util_in_ID.jar"/>
        <file crc="1967787376" name="lib/locale/org-openide-util_it.jar"/>
        <file crc="2986033543" name="lib/locale/org-openide-util_ko.jar"/>
        <file crc="2131560342" name="lib/locale/org-openide-util_nl_NL.jar"/>
        <file crc="1011674416" name="lib/locale/org-openide-util_pl.jar"/>
        <file crc="888220397" name="lib/locale/org-openide-util_pt_PT.jar"/>
        <file crc="811632513" name="lib/locale/org-openide-util_ro.jar"/>
        <file crc="1133369280" name="lib/locale/org-openide-util_si.jar"/>
        <file crc="1070923498" name="lib/locale/org-openide-util_sq.jar"/>
        <file crc="3394283334" name="lib/locale/org-openide-util_sv.jar"/>
        <file crc="679244740" name="lib/locale/org-openide-util_tr.jar"/>
        <file crc="1915647075" name="lib/locale/org-openide-util_zh_TW.jar"/>
        <file crc="2550799623" name="lib/org-openide-util.jar"/>
    </module_version>
    <module_version install_time="1351685530651" last="true" origin="NetBeans Distribution" specification_version="8.25.2">
        <file crc="2243993713" name="lib/locale/org-openide-util_ja.jar"/>
        <file crc="2549158705" name="lib/locale/org-openide-util_pt_BR.jar"/>
        <file crc="3171789939" name="lib/locale/org-openide-util_ru.jar"/>
        <file crc="1017215430" name="lib/locale/org-openide-util_zh_CN.jar"/>
        <file crc="3298874072" name="config/ModuleAutoDeps/org-openide-util.xml"/>
        <file crc="2612353859" name="lib/org-openide-util.jar"/>
    </module_version>
</module>
