<?xml version="1.0" encoding="UTF-8"?><module codename="org.netbeans.modules.applemenu/1">
    <module_version install_time="1343681214663" last="true" origin="installer" specification_version="1.24.1">
        <file crc="2121659589" name="config/Modules/org-netbeans-modules-applemenu.xml"/>
        <file crc="3940579518" name="modules/locale/org-netbeans-modules-applemenu_ar_SA.jar"/>
        <file crc="2275397820" name="modules/locale/org-netbeans-modules-applemenu_bg.jar"/>
        <file crc="47014943" name="modules/locale/org-netbeans-modules-applemenu_ca.jar"/>
        <file crc="947299282" name="modules/locale/org-netbeans-modules-applemenu_cs.jar"/>
        <file crc="1399095210" name="modules/locale/org-netbeans-modules-applemenu_de.jar"/>
        <file crc="2901534354" name="modules/locale/org-netbeans-modules-applemenu_es.jar"/>
        <file crc="526050560" name="modules/locale/org-netbeans-modules-applemenu_fr.jar"/>
        <file crc="1625301181" name="modules/locale/org-netbeans-modules-applemenu_gl_ES.jar"/>
        <file crc="1031046327" name="modules/locale/org-netbeans-modules-applemenu_in_ID.jar"/>
        <file crc="73691696" name="modules/locale/org-netbeans-modules-applemenu_it.jar"/>
        <file crc="2758345599" name="modules/locale/org-netbeans-modules-applemenu_ko.jar"/>
        <file crc="834735364" name="modules/locale/org-netbeans-modules-applemenu_nl_NL.jar"/>
        <file crc="888551124" name="modules/locale/org-netbeans-modules-applemenu_pl.jar"/>
        <file crc="3494534475" name="modules/locale/org-netbeans-modules-applemenu_pt_PT.jar"/>
        <file crc="1082375908" name="modules/locale/org-netbeans-modules-applemenu_ro.jar"/>
        <file crc="295267739" name="modules/locale/org-netbeans-modules-applemenu_si.jar"/>
        <file crc="3490323933" name="modules/locale/org-netbeans-modules-applemenu_sq.jar"/>
        <file crc="3655317397" name="modules/locale/org-netbeans-modules-applemenu_sv.jar"/>
        <file crc="2949534140" name="modules/locale/org-netbeans-modules-applemenu_tr.jar"/>
        <file crc="1566502144" name="modules/locale/org-netbeans-modules-applemenu_zh_TW.jar"/>
        <file crc="3359046615" name="modules/org-netbeans-modules-applemenu.jar"/>
    </module_version>
</module>
