<?xml version="1.0" encoding="UTF-8"?><module codename="org.netbeans.modules.options.api/1">
    <module_version install_time="1343681171486" last="true" origin="installer" specification_version="1.26.1">
        <file crc="73733985" name="config/ModuleAutoDeps/org-netbeans-modules-options-api.xml"/>
        <file crc="1511401705" name="config/Modules/org-netbeans-modules-options-api.xml"/>
        <file crc="4269285079" name="modules/locale/org-netbeans-modules-options-api_ar_SA.jar"/>
        <file crc="1102560477" name="modules/locale/org-netbeans-modules-options-api_bg.jar"/>
        <file crc="59695284" name="modules/locale/org-netbeans-modules-options-api_ca.jar"/>
        <file crc="1841879966" name="modules/locale/org-netbeans-modules-options-api_cs.jar"/>
        <file crc="558311260" name="modules/locale/org-netbeans-modules-options-api_de.jar"/>
        <file crc="510580721" name="modules/locale/org-netbeans-modules-options-api_es.jar"/>
        <file crc="1222645002" name="modules/locale/org-netbeans-modules-options-api_fr.jar"/>
        <file crc="1386442330" name="modules/locale/org-netbeans-modules-options-api_gl_ES.jar"/>
        <file crc="1669654877" name="modules/locale/org-netbeans-modules-options-api_in_ID.jar"/>
        <file crc="3648789531" name="modules/locale/org-netbeans-modules-options-api_it.jar"/>
        <file crc="1653717093" name="modules/locale/org-netbeans-modules-options-api_ko.jar"/>
        <file crc="1316560163" name="modules/locale/org-netbeans-modules-options-api_nl_NL.jar"/>
        <file crc="3405795249" name="modules/locale/org-netbeans-modules-options-api_pl.jar"/>
        <file crc="2905799428" name="modules/locale/org-netbeans-modules-options-api_pt_PT.jar"/>
        <file crc="4206226197" name="modules/locale/org-netbeans-modules-options-api_ro.jar"/>
        <file crc="3229497138" name="modules/locale/org-netbeans-modules-options-api_si.jar"/>
        <file crc="867654168" name="modules/locale/org-netbeans-modules-options-api_sq.jar"/>
        <file crc="3252695962" name="modules/locale/org-netbeans-modules-options-api_sv.jar"/>
        <file crc="385302419" name="modules/locale/org-netbeans-modules-options-api_tr.jar"/>
        <file crc="3208520483" name="modules/locale/org-netbeans-modules-options-api_zh_TW.jar"/>
        <file crc="756001391" name="modules/org-netbeans-modules-options-api.jar"/>
    </module_version>
</module>
