<?xml version="1.0" encoding="UTF-8"?><module codename="org.openide.explorer">
    <module_version install_time="1343681228235" last="true" origin="installer" specification_version="6.45.1">
        <file crc="4044847399" name="config/ModuleAutoDeps/org-openide-explorer.xml"/>
        <file crc="3046209104" name="config/Modules/org-openide-explorer.xml"/>
        <file crc="408417129" name="modules/locale/org-openide-explorer_ar_SA.jar"/>
        <file crc="1857580650" name="modules/locale/org-openide-explorer_bg.jar"/>
        <file crc="3592167347" name="modules/locale/org-openide-explorer_ca.jar"/>
        <file crc="42864333" name="modules/locale/org-openide-explorer_cs.jar"/>
        <file crc="3124663868" name="modules/locale/org-openide-explorer_de.jar"/>
        <file crc="1821472058" name="modules/locale/org-openide-explorer_es.jar"/>
        <file crc="2722540425" name="modules/locale/org-openide-explorer_fr.jar"/>
        <file crc="430611366" name="modules/locale/org-openide-explorer_gl_ES.jar"/>
        <file crc="2554230651" name="modules/locale/org-openide-explorer_in_ID.jar"/>
        <file crc="2175656601" name="modules/locale/org-openide-explorer_it.jar"/>
        <file crc="3319181033" name="modules/locale/org-openide-explorer_ko.jar"/>
        <file crc="704518658" name="modules/locale/org-openide-explorer_nl_NL.jar"/>
        <file crc="618906019" name="modules/locale/org-openide-explorer_pl.jar"/>
        <file crc="1488808548" name="modules/locale/org-openide-explorer_pt_PT.jar"/>
        <file crc="586449971" name="modules/locale/org-openide-explorer_ro.jar"/>
        <file crc="4006783231" name="modules/locale/org-openide-explorer_si.jar"/>
        <file crc="1954973685" name="modules/locale/org-openide-explorer_sq.jar"/>
        <file crc="3256554491" name="modules/locale/org-openide-explorer_sv.jar"/>
        <file crc="173540225" name="modules/locale/org-openide-explorer_tr.jar"/>
        <file crc="4033700362" name="modules/locale/org-openide-explorer_zh_TW.jar"/>
        <file crc="727245479" name="modules/org-openide-explorer.jar"/>
    </module_version>
</module>
