<?xml version="1.0" encoding="UTF-8" standalone="no"?>
<module codename="org.openide.windows">
    <module_version install_time="1343681172939" last="false" origin="installer" specification_version="6.55.1">
        <file crc="3877728110" name="config/Modules/org-openide-windows.xml"/>
        <file crc="3060316949" name="modules/locale/org-openide-windows_ar_SA.jar"/>
        <file crc="192254384" name="modules/locale/org-openide-windows_bg.jar"/>
        <file crc="4057399621" name="modules/locale/org-openide-windows_ca.jar"/>
        <file crc="3205176885" name="modules/locale/org-openide-windows_cs.jar"/>
        <file crc="4021002720" name="modules/locale/org-openide-windows_de.jar"/>
        <file crc="1545889119" name="modules/locale/org-openide-windows_es.jar"/>
        <file crc="3140939048" name="modules/locale/org-openide-windows_fr.jar"/>
        <file crc="3446246492" name="modules/locale/org-openide-windows_gl_ES.jar"/>
        <file crc="3805460357" name="modules/locale/org-openide-windows_in_ID.jar"/>
        <file crc="2743286003" name="modules/locale/org-openide-windows_it.jar"/>
        <file crc="3084380650" name="modules/locale/org-openide-windows_ko.jar"/>
        <file crc="798074499" name="modules/locale/org-openide-windows_nl_NL.jar"/>
        <file crc="89964283" name="modules/locale/org-openide-windows_pl.jar"/>
        <file crc="1016782301" name="modules/locale/org-openide-windows_pt_PT.jar"/>
        <file crc="859504707" name="modules/locale/org-openide-windows_ro.jar"/>
        <file crc="4278661509" name="modules/locale/org-openide-windows_si.jar"/>
        <file crc="4294010750" name="modules/locale/org-openide-windows_sq.jar"/>
        <file crc="4225014763" name="modules/locale/org-openide-windows_sv.jar"/>
        <file crc="3464121654" name="modules/locale/org-openide-windows_tr.jar"/>
        <file crc="3655289599" name="modules/locale/org-openide-windows_zh_TW.jar"/>
        <file crc="1538356314" name="modules/org-openide-windows.jar"/>
    </module_version>
    <module_version install_time="1351685529634" last="true" origin="NetBeans Distribution" specification_version="6.55.2">
        <file crc="2013799803" name="modules/locale/org-openide-windows_ja.jar"/>
        <file crc="516659853" name="modules/locale/org-openide-windows_pt_BR.jar"/>
        <file crc="3660295486" name="modules/locale/org-openide-windows_ru.jar"/>
        <file crc="2531324351" name="modules/locale/org-openide-windows_zh_CN.jar"/>
        <file crc="3877728110" name="config/Modules/org-openide-windows.xml"/>
        <file crc="1851958889" name="modules/org-openide-windows.jar"/>
    </module_version>
</module>
