<?xml version="1.0" encoding="UTF-8"?><module codename="org.netbeans.swing.tabcontrol">
    <module_version install_time="1343681152203" last="true" origin="installer" specification_version="1.36.1">
        <file crc="327432460" name="config/Modules/org-netbeans-swing-tabcontrol.xml"/>
        <file crc="2607881084" name="modules/locale/org-netbeans-swing-tabcontrol_ar_SA.jar"/>
        <file crc="597210092" name="modules/locale/org-netbeans-swing-tabcontrol_bg.jar"/>
        <file crc="2328152015" name="modules/locale/org-netbeans-swing-tabcontrol_ca.jar"/>
        <file crc="3351692895" name="modules/locale/org-netbeans-swing-tabcontrol_cs.jar"/>
        <file crc="861964175" name="modules/locale/org-netbeans-swing-tabcontrol_de.jar"/>
        <file crc="357085757" name="modules/locale/org-netbeans-swing-tabcontrol_es.jar"/>
        <file crc="501898312" name="modules/locale/org-netbeans-swing-tabcontrol_fr.jar"/>
        <file crc="14728646" name="modules/locale/org-netbeans-swing-tabcontrol_gl_ES.jar"/>
        <file crc="578406875" name="modules/locale/org-netbeans-swing-tabcontrol_in_ID.jar"/>
        <file crc="438884976" name="modules/locale/org-netbeans-swing-tabcontrol_it.jar"/>
        <file crc="3320671354" name="modules/locale/org-netbeans-swing-tabcontrol_ko.jar"/>
        <file crc="1304354368" name="modules/locale/org-netbeans-swing-tabcontrol_nl_NL.jar"/>
        <file crc="3471520714" name="modules/locale/org-netbeans-swing-tabcontrol_pl.jar"/>
        <file crc="773080103" name="modules/locale/org-netbeans-swing-tabcontrol_pt_PT.jar"/>
        <file crc="2147911609" name="modules/locale/org-netbeans-swing-tabcontrol_ro.jar"/>
        <file crc="492268313" name="modules/locale/org-netbeans-swing-tabcontrol_si.jar"/>
        <file crc="1592863723" name="modules/locale/org-netbeans-swing-tabcontrol_sq.jar"/>
        <file crc="3560509811" name="modules/locale/org-netbeans-swing-tabcontrol_sv.jar"/>
        <file crc="2786664959" name="modules/locale/org-netbeans-swing-tabcontrol_tr.jar"/>
        <file crc="1087245799" name="modules/locale/org-netbeans-swing-tabcontrol_zh_TW.jar"/>
        <file crc="1934696290" name="modules/org-netbeans-swing-tabcontrol.jar"/>
    </module_version>
</module>
