<?xml version="1.0" encoding="UTF-8"?><module codename="org.netbeans.api.search">
    <module_version install_time="1343681186366" last="true" origin="installer" specification_version="1.2.1">
        <file crc="3710953649" name="config/Modules/org-netbeans-api-search.xml"/>
        <file crc="2270355366" name="modules/locale/org-netbeans-api-search_de.jar"/>
        <file crc="3552642410" name="modules/locale/org-netbeans-api-search_es.jar"/>
        <file crc="2507219245" name="modules/locale/org-netbeans-api-search_fr.jar"/>
        <file crc="1358761500" name="modules/locale/org-netbeans-api-search_it.jar"/>
        <file crc="1126148293" name="modules/org-netbeans-api-search.jar"/>
    </module_version>
</module>
