<?xml version="1.0" encoding="UTF-8"?><module codename="org.netbeans.libs.felix">
    <module_version install_time="1343681219159" last="true" origin="installer" specification_version="2.3.1">
        <file crc="1327048437" name="config/Modules/org-netbeans-libs-felix.xml"/>
        <file crc="96787087" name="modules/ext/felix-4.0.2.jar"/>
        <file crc="3833402202" name="modules/locale/org-netbeans-libs-felix_bg.jar"/>
        <file crc="1282278089" name="modules/locale/org-netbeans-libs-felix_ca.jar"/>
        <file crc="1486780094" name="modules/locale/org-netbeans-libs-felix_cs.jar"/>
        <file crc="1837885657" name="modules/locale/org-netbeans-libs-felix_de.jar"/>
        <file crc="1522602408" name="modules/locale/org-netbeans-libs-felix_es.jar"/>
        <file crc="61352906" name="modules/locale/org-netbeans-libs-felix_fr.jar"/>
        <file crc="1635969441" name="modules/locale/org-netbeans-libs-felix_gl_ES.jar"/>
        <file crc="1090877303" name="modules/locale/org-netbeans-libs-felix_in_ID.jar"/>
        <file crc="1900730185" name="modules/locale/org-netbeans-libs-felix_it.jar"/>
        <file crc="3406741281" name="modules/locale/org-netbeans-libs-felix_ko.jar"/>
        <file crc="2876795110" name="modules/locale/org-netbeans-libs-felix_nl_NL.jar"/>
        <file crc="1484164735" name="modules/locale/org-netbeans-libs-felix_pl.jar"/>
        <file crc="2223049906" name="modules/locale/org-netbeans-libs-felix_ro.jar"/>
        <file crc="2385990721" name="modules/locale/org-netbeans-libs-felix_si.jar"/>
        <file crc="3484379242" name="modules/locale/org-netbeans-libs-felix_sv.jar"/>
        <file crc="251662833" name="modules/locale/org-netbeans-libs-felix_tr.jar"/>
        <file crc="3558662389" name="modules/org-netbeans-libs-felix.jar"/>
    </module_version>
</module>
