<?xml version="1.0" encoding="UTF-8"?><module codename="org.netbeans.modules.masterfs.windows">
    <module_version install_time="1343681165273" last="true" origin="installer" specification_version="1.1.1">
        <file crc="2941073432" name="config/Modules/org-netbeans-modules-masterfs-windows.xml"/>
        <file crc="4164235090" name="modules/locale/org-netbeans-modules-masterfs-windows_de.jar"/>
        <file crc="1831050462" name="modules/locale/org-netbeans-modules-masterfs-windows_es.jar"/>
        <file crc="1994061758" name="modules/locale/org-netbeans-modules-masterfs-windows_fr.jar"/>
        <file crc="1849732126" name="modules/locale/org-netbeans-modules-masterfs-windows_it.jar"/>
        <file crc="1125437034" name="modules/org-netbeans-modules-masterfs-windows.jar"/>
    </module_version>
</module>
