<?xml version="1.0" encoding="UTF-8"?><module codename="org.netbeans.modules.queries/1">
    <module_version install_time="1343681144632" last="true" origin="installer" specification_version="1.28.1">
        <file crc="28992633" name="config/ModuleAutoDeps/org-netbeans-modules-queries.xml"/>
        <file crc="4168841736" name="config/Modules/org-netbeans-modules-queries.xml"/>
        <file crc="664950108" name="modules/locale/org-netbeans-modules-queries_ar_SA.jar"/>
        <file crc="729379886" name="modules/locale/org-netbeans-modules-queries_bg.jar"/>
        <file crc="470040554" name="modules/locale/org-netbeans-modules-queries_ca.jar"/>
        <file crc="3520922668" name="modules/locale/org-netbeans-modules-queries_cs.jar"/>
        <file crc="2498842135" name="modules/locale/org-netbeans-modules-queries_de.jar"/>
        <file crc="1976993544" name="modules/locale/org-netbeans-modules-queries_es.jar"/>
        <file crc="799000809" name="modules/locale/org-netbeans-modules-queries_fr.jar"/>
        <file crc="2008576854" name="modules/locale/org-netbeans-modules-queries_gl_ES.jar"/>
        <file crc="970826469" name="modules/locale/org-netbeans-modules-queries_in_ID.jar"/>
        <file crc="2005794330" name="modules/locale/org-netbeans-modules-queries_it.jar"/>
        <file crc="1256917768" name="modules/locale/org-netbeans-modules-queries_ko.jar"/>
        <file crc="2651450314" name="modules/locale/org-netbeans-modules-queries_nl_NL.jar"/>
        <file crc="1462415954" name="modules/locale/org-netbeans-modules-queries_pl.jar"/>
        <file crc="3877647148" name="modules/locale/org-netbeans-modules-queries_pt_PT.jar"/>
        <file crc="2295531163" name="modules/locale/org-netbeans-modules-queries_ro.jar"/>
        <file crc="2927201697" name="modules/locale/org-netbeans-modules-queries_si.jar"/>
        <file crc="3812967141" name="modules/locale/org-netbeans-modules-queries_sq.jar"/>
        <file crc="1372205434" name="modules/locale/org-netbeans-modules-queries_sv.jar"/>
        <file crc="561539499" name="modules/locale/org-netbeans-modules-queries_tr.jar"/>
        <file crc="1996345838" name="modules/locale/org-netbeans-modules-queries_zh_TW.jar"/>
        <file crc="1358276799" name="modules/org-netbeans-modules-queries.jar"/>
    </module_version>
</module>
