<?xml version="1.0" encoding="UTF-8"?><module codename="org.netbeans.modules.keyring.impl">
    <module_version install_time="1343681190753" last="true" origin="installer" specification_version="1.7.1">
        <file crc="729697579" name="config/Modules/org-netbeans-modules-keyring-impl.xml"/>
        <file crc="3071364144" name="modules/locale/org-netbeans-modules-keyring-impl_bg.jar"/>
        <file crc="3171067146" name="modules/locale/org-netbeans-modules-keyring-impl_ca.jar"/>
        <file crc="3969177570" name="modules/locale/org-netbeans-modules-keyring-impl_cs.jar"/>
        <file crc="3969808922" name="modules/locale/org-netbeans-modules-keyring-impl_de.jar"/>
        <file crc="3378094204" name="modules/locale/org-netbeans-modules-keyring-impl_es.jar"/>
        <file crc="3879567845" name="modules/locale/org-netbeans-modules-keyring-impl_fr.jar"/>
        <file crc="1442727479" name="modules/locale/org-netbeans-modules-keyring-impl_gl_ES.jar"/>
        <file crc="2240904101" name="modules/locale/org-netbeans-modules-keyring-impl_in_ID.jar"/>
        <file crc="1874310199" name="modules/locale/org-netbeans-modules-keyring-impl_it.jar"/>
        <file crc="1570174883" name="modules/locale/org-netbeans-modules-keyring-impl_ko.jar"/>
        <file crc="2928067314" name="modules/locale/org-netbeans-modules-keyring-impl_nl_NL.jar"/>
        <file crc="1682106126" name="modules/locale/org-netbeans-modules-keyring-impl_pl.jar"/>
        <file crc="1449423429" name="modules/locale/org-netbeans-modules-keyring-impl_ro.jar"/>
        <file crc="1409844594" name="modules/locale/org-netbeans-modules-keyring-impl_si.jar"/>
        <file crc="2313007336" name="modules/locale/org-netbeans-modules-keyring-impl_sv.jar"/>
        <file crc="850837804" name="modules/locale/org-netbeans-modules-keyring-impl_tr.jar"/>
        <file crc="3425225572" name="modules/org-netbeans-modules-keyring-impl.jar"/>
    </module_version>
</module>
