<?xml version="1.0" encoding="UTF-8"?><module codename="org.openide.nodes">
    <module_version install_time="1343681199467" last="true" origin="installer" specification_version="7.28.1">
        <file crc="11361373" name="config/ModuleAutoDeps/org-openide-nodes.xml"/>
        <file crc="3092369940" name="config/Modules/org-openide-nodes.xml"/>
        <file crc="2215552430" name="modules/locale/org-openide-nodes_ar_SA.jar"/>
        <file crc="294926111" name="modules/locale/org-openide-nodes_bg.jar"/>
        <file crc="2884185130" name="modules/locale/org-openide-nodes_ca.jar"/>
        <file crc="508784092" name="modules/locale/org-openide-nodes_cs.jar"/>
        <file crc="3702140379" name="modules/locale/org-openide-nodes_de.jar"/>
        <file crc="3119588181" name="modules/locale/org-openide-nodes_es.jar"/>
        <file crc="1758066601" name="modules/locale/org-openide-nodes_fr.jar"/>
        <file crc="1829168946" name="modules/locale/org-openide-nodes_gl_ES.jar"/>
        <file crc="782523940" name="modules/locale/org-openide-nodes_in_ID.jar"/>
        <file crc="1561362548" name="modules/locale/org-openide-nodes_it.jar"/>
        <file crc="1833558443" name="modules/locale/org-openide-nodes_ko.jar"/>
        <file crc="3585966008" name="modules/locale/org-openide-nodes_nl_NL.jar"/>
        <file crc="85065064" name="modules/locale/org-openide-nodes_pl.jar"/>
        <file crc="3670067368" name="modules/locale/org-openide-nodes_pt_PT.jar"/>
        <file crc="2800676633" name="modules/locale/org-openide-nodes_ro.jar"/>
        <file crc="3319880684" name="modules/locale/org-openide-nodes_si.jar"/>
        <file crc="935050219" name="modules/locale/org-openide-nodes_sq.jar"/>
        <file crc="3739234903" name="modules/locale/org-openide-nodes_sv.jar"/>
        <file crc="1031355165" name="modules/locale/org-openide-nodes_tr.jar"/>
        <file crc="1523193766" name="modules/locale/org-openide-nodes_zh_TW.jar"/>
        <file crc="3983668699" name="modules/org-openide-nodes.jar"/>
    </module_version>
</module>
