<?xml version="1.0" encoding="UTF-8"?><module codename="org.netbeans.modules.print">
    <module_version install_time="1343681146168" last="true" origin="installer" specification_version="7.13.1">
        <file crc="4146358971" name="config/Modules/org-netbeans-modules-print.xml"/>
        <file crc="4135593025" name="modules/locale/org-netbeans-modules-print_ar_SA.jar"/>
        <file crc="3576505769" name="modules/locale/org-netbeans-modules-print_bg.jar"/>
        <file crc="3230564914" name="modules/locale/org-netbeans-modules-print_ca.jar"/>
        <file crc="4241733895" name="modules/locale/org-netbeans-modules-print_cs.jar"/>
        <file crc="2404182661" name="modules/locale/org-netbeans-modules-print_de.jar"/>
        <file crc="2263561602" name="modules/locale/org-netbeans-modules-print_es.jar"/>
        <file crc="3304311118" name="modules/locale/org-netbeans-modules-print_fr.jar"/>
        <file crc="755984857" name="modules/locale/org-netbeans-modules-print_gl_ES.jar"/>
        <file crc="1792251736" name="modules/locale/org-netbeans-modules-print_in_ID.jar"/>
        <file crc="2962135441" name="modules/locale/org-netbeans-modules-print_it.jar"/>
        <file crc="2192141544" name="modules/locale/org-netbeans-modules-print_ko.jar"/>
        <file crc="1531225470" name="modules/locale/org-netbeans-modules-print_nl_NL.jar"/>
        <file crc="502106065" name="modules/locale/org-netbeans-modules-print_pl.jar"/>
        <file crc="1495014629" name="modules/locale/org-netbeans-modules-print_pt_PT.jar"/>
        <file crc="281888451" name="modules/locale/org-netbeans-modules-print_ro.jar"/>
        <file crc="470482212" name="modules/locale/org-netbeans-modules-print_si.jar"/>
        <file crc="456036653" name="modules/locale/org-netbeans-modules-print_sq.jar"/>
        <file crc="3779644563" name="modules/locale/org-netbeans-modules-print_sv.jar"/>
        <file crc="3792569364" name="modules/locale/org-netbeans-modules-print_tr.jar"/>
        <file crc="1488216514" name="modules/locale/org-netbeans-modules-print_zh_TW.jar"/>
        <file crc="3281802139" name="modules/org-netbeans-modules-print.jar"/>
    </module_version>
</module>
