<?xml version="1.0" encoding="UTF-8"?><module codename="org.netbeans.core.nativeaccess/1">
    <module_version install_time="1343681147733" last="true" origin="installer" specification_version="1.16.1">
        <file crc="1370516056" name="config/Modules/org-netbeans-core-nativeaccess.xml"/>
        <file crc="3857359608" name="modules/ext/platform-3.4.0.jar"/>
        <file crc="875399156" name="modules/locale/org-netbeans-core-nativeaccess_ar_SA.jar"/>
        <file crc="3359908367" name="modules/locale/org-netbeans-core-nativeaccess_bg.jar"/>
        <file crc="3153470839" name="modules/locale/org-netbeans-core-nativeaccess_ca.jar"/>
        <file crc="1885884114" name="modules/locale/org-netbeans-core-nativeaccess_cs.jar"/>
        <file crc="3774642549" name="modules/locale/org-netbeans-core-nativeaccess_de.jar"/>
        <file crc="3644367185" name="modules/locale/org-netbeans-core-nativeaccess_es.jar"/>
        <file crc="2615905470" name="modules/locale/org-netbeans-core-nativeaccess_fr.jar"/>
        <file crc="1831962739" name="modules/locale/org-netbeans-core-nativeaccess_gl_ES.jar"/>
        <file crc="3372749940" name="modules/locale/org-netbeans-core-nativeaccess_in_ID.jar"/>
        <file crc="1637296188" name="modules/locale/org-netbeans-core-nativeaccess_it.jar"/>
        <file crc="26802005" name="modules/locale/org-netbeans-core-nativeaccess_ko.jar"/>
        <file crc="3282239158" name="modules/locale/org-netbeans-core-nativeaccess_nl_NL.jar"/>
        <file crc="3655610491" name="modules/locale/org-netbeans-core-nativeaccess_pl.jar"/>
        <file crc="2746696313" name="modules/locale/org-netbeans-core-nativeaccess_pt_PT.jar"/>
        <file crc="3141710377" name="modules/locale/org-netbeans-core-nativeaccess_ro.jar"/>
        <file crc="649493270" name="modules/locale/org-netbeans-core-nativeaccess_si.jar"/>
        <file crc="1406653421" name="modules/locale/org-netbeans-core-nativeaccess_sq.jar"/>
        <file crc="4174153243" name="modules/locale/org-netbeans-core-nativeaccess_sv.jar"/>
        <file crc="1611082313" name="modules/locale/org-netbeans-core-nativeaccess_tr.jar"/>
        <file crc="3140445791" name="modules/locale/org-netbeans-core-nativeaccess_zh_TW.jar"/>
        <file crc="4233609260" name="modules/org-netbeans-core-nativeaccess.jar"/>
    </module_version>
</module>
