<?xml version="1.0" encoding="UTF-8"?><module codename="org.netbeans.libs.osgi">
    <module_version install_time="1343681169816" last="true" origin="installer" specification_version="1.9.1">
        <file crc="3882420389" name="config/Modules/org-netbeans-libs-osgi.xml"/>
        <file crc="3805933642" name="modules/ext/osgi.cmpn-4.2.jar"/>
        <file crc="796619270" name="modules/ext/osgi.core-4.3.jar"/>
        <file crc="3237534515" name="modules/locale/org-netbeans-libs-osgi_bg.jar"/>
        <file crc="237025471" name="modules/locale/org-netbeans-libs-osgi_ca.jar"/>
        <file crc="1744085382" name="modules/locale/org-netbeans-libs-osgi_cs.jar"/>
        <file crc="188668451" name="modules/locale/org-netbeans-libs-osgi_de.jar"/>
        <file crc="165461818" name="modules/locale/org-netbeans-libs-osgi_es.jar"/>
        <file crc="3989225557" name="modules/locale/org-netbeans-libs-osgi_fr.jar"/>
        <file crc="2135667663" name="modules/locale/org-netbeans-libs-osgi_gl_ES.jar"/>
        <file crc="2528416069" name="modules/locale/org-netbeans-libs-osgi_in_ID.jar"/>
        <file crc="535503888" name="modules/locale/org-netbeans-libs-osgi_it.jar"/>
        <file crc="2484046646" name="modules/locale/org-netbeans-libs-osgi_ko.jar"/>
        <file crc="3852463332" name="modules/locale/org-netbeans-libs-osgi_nl_NL.jar"/>
        <file crc="2472670352" name="modules/locale/org-netbeans-libs-osgi_pl.jar"/>
        <file crc="4214887208" name="modules/locale/org-netbeans-libs-osgi_ro.jar"/>
        <file crc="3603495587" name="modules/locale/org-netbeans-libs-osgi_si.jar"/>
        <file crc="12462758" name="modules/locale/org-netbeans-libs-osgi_sv.jar"/>
        <file crc="1799971520" name="modules/locale/org-netbeans-libs-osgi_tr.jar"/>
        <file crc="3883856518" name="modules/org-netbeans-libs-osgi.jar"/>
    </module_version>
</module>
