<?xml version="1.0" encoding="UTF-8"?><module codename="org.openide.filesystems">
    <module_version install_time="1343681140338" last="true" origin="installer" specification_version="7.62.1">
        <file crc="3451622635" name="core/locale/org-openide-filesystems_ar_SA.jar"/>
        <file crc="891655935" name="core/locale/org-openide-filesystems_bg.jar"/>
        <file crc="2487083407" name="core/locale/org-openide-filesystems_ca.jar"/>
        <file crc="2128941164" name="core/locale/org-openide-filesystems_cs.jar"/>
        <file crc="2667451039" name="core/locale/org-openide-filesystems_de.jar"/>
        <file crc="1519140292" name="core/locale/org-openide-filesystems_es.jar"/>
        <file crc="1462438905" name="core/locale/org-openide-filesystems_fr.jar"/>
        <file crc="1474160506" name="core/locale/org-openide-filesystems_gl_ES.jar"/>
        <file crc="1975202617" name="core/locale/org-openide-filesystems_in_ID.jar"/>
        <file crc="1756211745" name="core/locale/org-openide-filesystems_it.jar"/>
        <file crc="2848114426" name="core/locale/org-openide-filesystems_ko.jar"/>
        <file crc="3623086953" name="core/locale/org-openide-filesystems_nl_NL.jar"/>
        <file crc="3626634315" name="core/locale/org-openide-filesystems_pl.jar"/>
        <file crc="2373992902" name="core/locale/org-openide-filesystems_pt_PT.jar"/>
        <file crc="2077796298" name="core/locale/org-openide-filesystems_ro.jar"/>
        <file crc="3451567229" name="core/locale/org-openide-filesystems_si.jar"/>
        <file crc="1146419279" name="core/locale/org-openide-filesystems_sq.jar"/>
        <file crc="1508487968" name="core/locale/org-openide-filesystems_sv.jar"/>
        <file crc="2464521586" name="core/locale/org-openide-filesystems_tr.jar"/>
        <file crc="3789289356" name="core/locale/org-openide-filesystems_zh_TW.jar"/>
        <file crc="3245198174" name="core/org-openide-filesystems.jar"/>
    </module_version>
</module>
