<?xml version="1.0" encoding="UTF-8" standalone="no"?>
<module codename="org.openide.text">
    <module_version install_time="1343681163836" last="false" origin="installer" specification_version="6.49.1">
        <file crc="2441864466" name="config/ModuleAutoDeps/org-openide-text.xml"/>
        <file crc="1795978028" name="config/Modules/org-openide-text.xml"/>
        <file crc="16216656" name="modules/locale/org-openide-text_ar_SA.jar"/>
        <file crc="1137484087" name="modules/locale/org-openide-text_bg.jar"/>
        <file crc="2850383555" name="modules/locale/org-openide-text_ca.jar"/>
        <file crc="3662842474" name="modules/locale/org-openide-text_cs.jar"/>
        <file crc="3135935499" name="modules/locale/org-openide-text_de.jar"/>
        <file crc="2837127787" name="modules/locale/org-openide-text_es.jar"/>
        <file crc="1495496922" name="modules/locale/org-openide-text_fr.jar"/>
        <file crc="3869691969" name="modules/locale/org-openide-text_gl_ES.jar"/>
        <file crc="831255354" name="modules/locale/org-openide-text_in_ID.jar"/>
        <file crc="1532872418" name="modules/locale/org-openide-text_it.jar"/>
        <file crc="1300044636" name="modules/locale/org-openide-text_ko.jar"/>
        <file crc="2650339066" name="modules/locale/org-openide-text_nl_NL.jar"/>
        <file crc="277283673" name="modules/locale/org-openide-text_pl.jar"/>
        <file crc="4265887998" name="modules/locale/org-openide-text_pt_PT.jar"/>
        <file crc="1883966952" name="modules/locale/org-openide-text_ro.jar"/>
        <file crc="3986378662" name="modules/locale/org-openide-text_si.jar"/>
        <file crc="986738498" name="modules/locale/org-openide-text_sq.jar"/>
        <file crc="2951312390" name="modules/locale/org-openide-text_sv.jar"/>
        <file crc="1762905082" name="modules/locale/org-openide-text_tr.jar"/>
        <file crc="946294864" name="modules/locale/org-openide-text_zh_TW.jar"/>
        <file crc="2692265027" name="modules/org-openide-text.jar"/>
    </module_version>
    <module_version install_time="1351685530574" last="true" origin="NetBeans Distribution" specification_version="6.49.3">
        <file crc="1905070571" name="modules/locale/org-openide-text_ja.jar"/>
        <file crc="4038070164" name="modules/locale/org-openide-text_pt_BR.jar"/>
        <file crc="2780787251" name="modules/locale/org-openide-text_ru.jar"/>
        <file crc="1219382878" name="modules/locale/org-openide-text_zh_CN.jar"/>
        <file crc="2441864466" name="config/ModuleAutoDeps/org-openide-text.xml"/>
        <file crc="1795978028" name="config/Modules/org-openide-text.xml"/>
        <file crc="4021702485" name="modules/org-openide-text.jar"/>
    </module_version>
</module>
