<?xml version="1.0" encoding="UTF-8"?><module codename="org.netbeans.modules.editor.mimelookup/1">
    <module_version install_time="1343681134476" last="true" origin="installer" specification_version="1.26.1">
        <file crc="244035803" name="config/Modules/org-netbeans-modules-editor-mimelookup.xml"/>
        <file crc="2320644832" name="modules/locale/org-netbeans-modules-editor-mimelookup_ar_SA.jar"/>
        <file crc="9209397" name="modules/locale/org-netbeans-modules-editor-mimelookup_bg.jar"/>
        <file crc="1694561867" name="modules/locale/org-netbeans-modules-editor-mimelookup_ca.jar"/>
        <file crc="332128639" name="modules/locale/org-netbeans-modules-editor-mimelookup_cs.jar"/>
        <file crc="613671769" name="modules/locale/org-netbeans-modules-editor-mimelookup_de.jar"/>
        <file crc="3739618075" name="modules/locale/org-netbeans-modules-editor-mimelookup_es.jar"/>
        <file crc="4141162116" name="modules/locale/org-netbeans-modules-editor-mimelookup_fr.jar"/>
        <file crc="3646302073" name="modules/locale/org-netbeans-modules-editor-mimelookup_gl_ES.jar"/>
        <file crc="3995348969" name="modules/locale/org-netbeans-modules-editor-mimelookup_in_ID.jar"/>
        <file crc="2041519304" name="modules/locale/org-netbeans-modules-editor-mimelookup_it.jar"/>
        <file crc="228533113" name="modules/locale/org-netbeans-modules-editor-mimelookup_ko.jar"/>
        <file crc="478367341" name="modules/locale/org-netbeans-modules-editor-mimelookup_nl_NL.jar"/>
        <file crc="891168736" name="modules/locale/org-netbeans-modules-editor-mimelookup_pl.jar"/>
        <file crc="495087179" name="modules/locale/org-netbeans-modules-editor-mimelookup_pt_PT.jar"/>
        <file crc="186061670" name="modules/locale/org-netbeans-modules-editor-mimelookup_ro.jar"/>
        <file crc="2061420368" name="modules/locale/org-netbeans-modules-editor-mimelookup_si.jar"/>
        <file crc="443295844" name="modules/locale/org-netbeans-modules-editor-mimelookup_sq.jar"/>
        <file crc="1477851283" name="modules/locale/org-netbeans-modules-editor-mimelookup_sv.jar"/>
        <file crc="1256004115" name="modules/locale/org-netbeans-modules-editor-mimelookup_tr.jar"/>
        <file crc="3550094706" name="modules/locale/org-netbeans-modules-editor-mimelookup_zh_TW.jar"/>
        <file crc="3587808451" name="modules/org-netbeans-modules-editor-mimelookup.jar"/>
    </module_version>
</module>
