<?xml version="1.0" encoding="UTF-8"?><module codename="org.netbeans.modules.editor.mimelookup.impl/1">
    <module_version install_time="1343681155155" last="true" origin="installer" specification_version="1.18.1">
        <file crc="3019873507" name="config/Modules/org-netbeans-modules-editor-mimelookup-impl.xml"/>
        <file crc="2052538083" name="modules/locale/org-netbeans-modules-editor-mimelookup-impl_ar_SA.jar"/>
        <file crc="526497143" name="modules/locale/org-netbeans-modules-editor-mimelookup-impl_bg.jar"/>
        <file crc="3693613745" name="modules/locale/org-netbeans-modules-editor-mimelookup-impl_ca.jar"/>
        <file crc="759800611" name="modules/locale/org-netbeans-modules-editor-mimelookup-impl_cs.jar"/>
        <file crc="3010979390" name="modules/locale/org-netbeans-modules-editor-mimelookup-impl_de.jar"/>
        <file crc="1554638210" name="modules/locale/org-netbeans-modules-editor-mimelookup-impl_es.jar"/>
        <file crc="4284795734" name="modules/locale/org-netbeans-modules-editor-mimelookup-impl_fr.jar"/>
        <file crc="1549017548" name="modules/locale/org-netbeans-modules-editor-mimelookup-impl_gl_ES.jar"/>
        <file crc="152370713" name="modules/locale/org-netbeans-modules-editor-mimelookup-impl_in_ID.jar"/>
        <file crc="1811359875" name="modules/locale/org-netbeans-modules-editor-mimelookup-impl_it.jar"/>
        <file crc="3282814437" name="modules/locale/org-netbeans-modules-editor-mimelookup-impl_ko.jar"/>
        <file crc="643711939" name="modules/locale/org-netbeans-modules-editor-mimelookup-impl_nl_NL.jar"/>
        <file crc="3953132545" name="modules/locale/org-netbeans-modules-editor-mimelookup-impl_pl.jar"/>
        <file crc="1268279935" name="modules/locale/org-netbeans-modules-editor-mimelookup-impl_pt_PT.jar"/>
        <file crc="3335079601" name="modules/locale/org-netbeans-modules-editor-mimelookup-impl_ro.jar"/>
        <file crc="3905641296" name="modules/locale/org-netbeans-modules-editor-mimelookup-impl_si.jar"/>
        <file crc="1519678407" name="modules/locale/org-netbeans-modules-editor-mimelookup-impl_sq.jar"/>
        <file crc="1293183463" name="modules/locale/org-netbeans-modules-editor-mimelookup-impl_sv.jar"/>
        <file crc="199084052" name="modules/locale/org-netbeans-modules-editor-mimelookup-impl_tr.jar"/>
        <file crc="469511124" name="modules/locale/org-netbeans-modules-editor-mimelookup-impl_zh_TW.jar"/>
        <file crc="18905805" name="modules/org-netbeans-modules-editor-mimelookup-impl.jar"/>
    </module_version>
</module>
