<?xml version="1.0" encoding="UTF-8"?><module codename="org.netbeans.core/2">
    <module_version install_time="1343681141799" last="true" origin="installer" specification_version="3.33.1">
        <file crc="1234898518" name="config/ModuleAutoDeps/org-netbeans-core.xml"/>
        <file crc="2943625018" name="config/Modules/org-netbeans-core.xml"/>
        <file crc="2601114686" name="modules/ext/nsProxyAutoConfig.js"/>
        <file crc="3068650920" name="modules/locale/org-netbeans-core_ar_SA.jar"/>
        <file crc="3209245110" name="modules/locale/org-netbeans-core_bg.jar"/>
        <file crc="825736506" name="modules/locale/org-netbeans-core_ca.jar"/>
        <file crc="2836329010" name="modules/locale/org-netbeans-core_cs.jar"/>
        <file crc="4037289574" name="modules/locale/org-netbeans-core_de.jar"/>
        <file crc="3819261520" name="modules/locale/org-netbeans-core_es.jar"/>
        <file crc="952914961" name="modules/locale/org-netbeans-core_fr.jar"/>
        <file crc="1757628338" name="modules/locale/org-netbeans-core_gl_ES.jar"/>
        <file crc="355068406" name="modules/locale/org-netbeans-core_in_ID.jar"/>
        <file crc="308477675" name="modules/locale/org-netbeans-core_it.jar"/>
        <file crc="157778612" name="modules/locale/org-netbeans-core_ko.jar"/>
        <file crc="2343846961" name="modules/locale/org-netbeans-core_nl_NL.jar"/>
        <file crc="2710269760" name="modules/locale/org-netbeans-core_pl.jar"/>
        <file crc="2861382174" name="modules/locale/org-netbeans-core_pt_PT.jar"/>
        <file crc="786750249" name="modules/locale/org-netbeans-core_ro.jar"/>
        <file crc="3333766851" name="modules/locale/org-netbeans-core_si.jar"/>
        <file crc="237140590" name="modules/locale/org-netbeans-core_sq.jar"/>
        <file crc="2754672723" name="modules/locale/org-netbeans-core_sv.jar"/>
        <file crc="2901091969" name="modules/locale/org-netbeans-core_tr.jar"/>
        <file crc="54342545" name="modules/locale/org-netbeans-core_zh_TW.jar"/>
        <file crc="4211799055" name="modules/org-netbeans-core.jar"/>
    </module_version>
</module>
