<?xml version="1.0" encoding="UTF-8"?><module codename="org.netbeans.core.osgi">
    <module_version install_time="1343681181872" last="true" origin="installer" specification_version="1.9.1">
        <file crc="4106410406" name="config/Modules/org-netbeans-core-osgi.xml"/>
        <file crc="31261219" name="modules/locale/org-netbeans-core-osgi_bg.jar"/>
        <file crc="3229471236" name="modules/locale/org-netbeans-core-osgi_ca.jar"/>
        <file crc="124459367" name="modules/locale/org-netbeans-core-osgi_cs.jar"/>
        <file crc="4007336129" name="modules/locale/org-netbeans-core-osgi_de.jar"/>
        <file crc="549649461" name="modules/locale/org-netbeans-core-osgi_es.jar"/>
        <file crc="974385232" name="modules/locale/org-netbeans-core-osgi_fr.jar"/>
        <file crc="3118452013" name="modules/locale/org-netbeans-core-osgi_gl_ES.jar"/>
        <file crc="3428313358" name="modules/locale/org-netbeans-core-osgi_in_ID.jar"/>
        <file crc="3577141938" name="modules/locale/org-netbeans-core-osgi_it.jar"/>
        <file crc="3975639899" name="modules/locale/org-netbeans-core-osgi_ko.jar"/>
        <file crc="424011317" name="modules/locale/org-netbeans-core-osgi_nl_NL.jar"/>
        <file crc="778987826" name="modules/locale/org-netbeans-core-osgi_pl.jar"/>
        <file crc="819514866" name="modules/locale/org-netbeans-core-osgi_ro.jar"/>
        <file crc="67313219" name="modules/locale/org-netbeans-core-osgi_si.jar"/>
        <file crc="129439914" name="modules/locale/org-netbeans-core-osgi_sv.jar"/>
        <file crc="726798400" name="modules/locale/org-netbeans-core-osgi_tr.jar"/>
        <file crc="264429074" name="modules/org-netbeans-core-osgi.jar"/>
    </module_version>
</module>
