<?xml version="1.0" encoding="UTF-8"?><module codename="org.netbeans.api.annotations.common/1">
    <module_version install_time="1343681197943" last="true" origin="installer" specification_version="1.14.1">
        <file crc="1285559856" name="config/Modules/org-netbeans-api-annotations-common.xml"/>
        <file crc="2319873888" name="modules/locale/org-netbeans-api-annotations-common_ar_SA.jar"/>
        <file crc="2876228146" name="modules/locale/org-netbeans-api-annotations-common_bg.jar"/>
        <file crc="868591281" name="modules/locale/org-netbeans-api-annotations-common_ca.jar"/>
        <file crc="1351270484" name="modules/locale/org-netbeans-api-annotations-common_cs.jar"/>
        <file crc="57726060" name="modules/locale/org-netbeans-api-annotations-common_de.jar"/>
        <file crc="994576113" name="modules/locale/org-netbeans-api-annotations-common_es.jar"/>
        <file crc="3285076623" name="modules/locale/org-netbeans-api-annotations-common_fr.jar"/>
        <file crc="830700679" name="modules/locale/org-netbeans-api-annotations-common_gl_ES.jar"/>
        <file crc="3252236047" name="modules/locale/org-netbeans-api-annotations-common_in_ID.jar"/>
        <file crc="1035079467" name="modules/locale/org-netbeans-api-annotations-common_it.jar"/>
        <file crc="927540189" name="modules/locale/org-netbeans-api-annotations-common_ko.jar"/>
        <file crc="806363081" name="modules/locale/org-netbeans-api-annotations-common_nl_NL.jar"/>
        <file crc="1518988554" name="modules/locale/org-netbeans-api-annotations-common_pl.jar"/>
        <file crc="1268663535" name="modules/locale/org-netbeans-api-annotations-common_pt_PT.jar"/>
        <file crc="4031404577" name="modules/locale/org-netbeans-api-annotations-common_ro.jar"/>
        <file crc="3120765726" name="modules/locale/org-netbeans-api-annotations-common_si.jar"/>
        <file crc="16872065" name="modules/locale/org-netbeans-api-annotations-common_sq.jar"/>
        <file crc="3854216979" name="modules/locale/org-netbeans-api-annotations-common_sv.jar"/>
        <file crc="2968793458" name="modules/locale/org-netbeans-api-annotations-common_tr.jar"/>
        <file crc="382847170" name="modules/locale/org-netbeans-api-annotations-common_zh_TW.jar"/>
        <file crc="3940959725" name="modules/org-netbeans-api-annotations-common.jar"/>
    </module_version>
</module>
