<?xml version="1.0" encoding="UTF-8" standalone="no"?>
<module codename="org.openide.io">
    <module_version install_time="1343681128573" last="false" origin="installer" specification_version="1.31.1">
        <file crc="3834804485" name="config/Modules/org-openide-io.xml"/>
        <file crc="922021823" name="modules/locale/org-openide-io_ar_SA.jar"/>
        <file crc="1852881265" name="modules/locale/org-openide-io_bg.jar"/>
        <file crc="1779624981" name="modules/locale/org-openide-io_ca.jar"/>
        <file crc="2720496747" name="modules/locale/org-openide-io_cs.jar"/>
        <file crc="3962262916" name="modules/locale/org-openide-io_de.jar"/>
        <file crc="2486252118" name="modules/locale/org-openide-io_es.jar"/>
        <file crc="51037570" name="modules/locale/org-openide-io_fr.jar"/>
        <file crc="3302789070" name="modules/locale/org-openide-io_gl_ES.jar"/>
        <file crc="706934727" name="modules/locale/org-openide-io_in_ID.jar"/>
        <file crc="2111007187" name="modules/locale/org-openide-io_it.jar"/>
        <file crc="2124661601" name="modules/locale/org-openide-io_ko.jar"/>
        <file crc="2763626025" name="modules/locale/org-openide-io_nl_NL.jar"/>
        <file crc="3166945994" name="modules/locale/org-openide-io_pl.jar"/>
        <file crc="1754651671" name="modules/locale/org-openide-io_pt_PT.jar"/>
        <file crc="269919487" name="modules/locale/org-openide-io_ro.jar"/>
        <file crc="4180860879" name="modules/locale/org-openide-io_si.jar"/>
        <file crc="739206884" name="modules/locale/org-openide-io_sq.jar"/>
        <file crc="4114179285" name="modules/locale/org-openide-io_sv.jar"/>
        <file crc="3163988090" name="modules/locale/org-openide-io_tr.jar"/>
        <file crc="3902200759" name="modules/locale/org-openide-io_zh_TW.jar"/>
        <file crc="2307055952" name="modules/org-openide-io.jar"/>
    </module_version>
    <module_version install_time="1351685530298" last="true" origin="NetBeans Distribution" specification_version="1.31.2">
        <file crc="726115715" name="modules/locale/org-openide-io_ja.jar"/>
        <file crc="2710847301" name="modules/locale/org-openide-io_pt_BR.jar"/>
        <file crc="1425200699" name="modules/locale/org-openide-io_ru.jar"/>
        <file crc="2387689177" name="modules/locale/org-openide-io_zh_CN.jar"/>
        <file crc="3834804485" name="config/Modules/org-openide-io.xml"/>
        <file crc="3452867206" name="modules/org-openide-io.jar"/>
    </module_version>
</module>
