<?xml version="1.0" encoding="UTF-8"?><module codename="org.netbeans.api.visual">
    <module_version install_time="1343681208772" last="true" origin="installer" specification_version="2.32.1">
        <file crc="1235850484" name="config/Modules/org-netbeans-api-visual.xml"/>
        <file crc="3649431059" name="modules/locale/org-netbeans-api-visual_ar_SA.jar"/>
        <file crc="2002371528" name="modules/locale/org-netbeans-api-visual_bg.jar"/>
        <file crc="2070424429" name="modules/locale/org-netbeans-api-visual_ca.jar"/>
        <file crc="712681872" name="modules/locale/org-netbeans-api-visual_cs.jar"/>
        <file crc="3442520553" name="modules/locale/org-netbeans-api-visual_de.jar"/>
        <file crc="3441084694" name="modules/locale/org-netbeans-api-visual_es.jar"/>
        <file crc="1568462952" name="modules/locale/org-netbeans-api-visual_fr.jar"/>
        <file crc="4278998009" name="modules/locale/org-netbeans-api-visual_gl_ES.jar"/>
        <file crc="2991177385" name="modules/locale/org-netbeans-api-visual_in_ID.jar"/>
        <file crc="2597789178" name="modules/locale/org-netbeans-api-visual_it.jar"/>
        <file crc="484561563" name="modules/locale/org-netbeans-api-visual_ko.jar"/>
        <file crc="2276339670" name="modules/locale/org-netbeans-api-visual_nl_NL.jar"/>
        <file crc="2744409857" name="modules/locale/org-netbeans-api-visual_pl.jar"/>
        <file crc="2119313108" name="modules/locale/org-netbeans-api-visual_pt_PT.jar"/>
        <file crc="1725238712" name="modules/locale/org-netbeans-api-visual_ro.jar"/>
        <file crc="1057468762" name="modules/locale/org-netbeans-api-visual_si.jar"/>
        <file crc="3082339140" name="modules/locale/org-netbeans-api-visual_sq.jar"/>
        <file crc="2736178631" name="modules/locale/org-netbeans-api-visual_sv.jar"/>
        <file crc="741198723" name="modules/locale/org-netbeans-api-visual_tr.jar"/>
        <file crc="3241482961" name="modules/locale/org-netbeans-api-visual_zh_TW.jar"/>
        <file crc="4042951801" name="modules/org-netbeans-api-visual.jar"/>
    </module_version>
</module>
