<?xml version="1.0" encoding="UTF-8"?><module codename="org.netbeans.core.startup/1">
    <module_version install_time="1343681175900" last="true" origin="installer" specification_version="1.40.1">
        <file crc="2636050771" name="core/core.jar"/>
        <file crc="209789381" name="core/locale/core_ar_SA.jar"/>
        <file crc="4158997226" name="core/locale/core_bg.jar"/>
        <file crc="785231053" name="core/locale/core_ca.jar"/>
        <file crc="439131467" name="core/locale/core_cs.jar"/>
        <file crc="3932991084" name="core/locale/core_de.jar"/>
        <file crc="645202443" name="core/locale/core_es.jar"/>
        <file crc="538376793" name="core/locale/core_fr.jar"/>
        <file crc="2443626955" name="core/locale/core_gl_ES.jar"/>
        <file crc="4204966595" name="core/locale/core_in_ID.jar"/>
        <file crc="1138274731" name="core/locale/core_it.jar"/>
        <file crc="2099509656" name="core/locale/core_ko.jar"/>
        <file crc="572227095" name="core/locale/core_nl_NL.jar"/>
        <file crc="2662816013" name="core/locale/core_pl.jar"/>
        <file crc="253867047" name="core/locale/core_pt_PT.jar"/>
        <file crc="4102506044" name="core/locale/core_ro.jar"/>
        <file crc="716215322" name="core/locale/core_si.jar"/>
        <file crc="4038265103" name="core/locale/core_sq.jar"/>
        <file crc="591492822" name="core/locale/core_sv.jar"/>
        <file crc="3706618314" name="core/locale/core_tr.jar"/>
        <file crc="2370423526" name="core/locale/core_zh_TW.jar"/>
    </module_version>
</module>
