<?xml version="1.0" encoding="UTF-8" standalone="no"?>
<module codename="org.netbeans.modules.netbinox">
    <module_version install_time="1343681158044" last="false" origin="installer" specification_version="1.26.1">
        <file crc="3482404302" name="config/Modules/org-netbeans-modules-netbinox.xml"/>
        <file crc="3934468949" name="modules/ext/org.eclipse.osgi_3.7.1.R37x_v20110808-1106.jar"/>
        <file crc="2647320153" name="modules/locale/org-netbeans-modules-netbinox_de.jar"/>
        <file crc="2101515219" name="modules/locale/org-netbeans-modules-netbinox_es.jar"/>
        <file crc="653919762" name="modules/locale/org-netbeans-modules-netbinox_fr.jar"/>
        <file crc="2224234104" name="modules/locale/org-netbeans-modules-netbinox_it.jar"/>
        <file crc="2678949876" name="modules/org-netbeans-modules-netbinox.jar"/>
    </module_version>
    <module_version install_time="1351685530734" last="true" origin="NetBeans Distribution" specification_version="1.26.2">
        <file crc="1239713765" name="modules/locale/org-netbeans-modules-netbinox_ja.jar"/>
        <file crc="1160711264" name="modules/locale/org-netbeans-modules-netbinox_pt_BR.jar"/>
        <file crc="764761961" name="modules/locale/org-netbeans-modules-netbinox_ru.jar"/>
        <file crc="39434723" name="modules/locale/org-netbeans-modules-netbinox_zh_CN.jar"/>
        <file crc="3482404302" name="config/Modules/org-netbeans-modules-netbinox.xml"/>
        <file crc="3934468949" name="modules/ext/org.eclipse.osgi_3.7.1.R37x_v20110808-1106.jar"/>
        <file crc="966613498" name="modules/org-netbeans-modules-netbinox.jar"/>
    </module_version>
</module>
