<?xml version="1.0" encoding="UTF-8" standalone="no"?>
<module codename="org.netbeans.bootstrap/1">
    <module_version install_time="1343681131482" last="false" origin="installer" specification_version="2.52.2">
        <file crc="1069687398" name="lib/boot.jar"/>
        <file crc="1882874886" name="lib/locale/boot_ar_SA.jar"/>
        <file crc="690002207" name="lib/locale/boot_bg.jar"/>
        <file crc="883483035" name="lib/locale/boot_ca.jar"/>
        <file crc="569597760" name="lib/locale/boot_cs.jar"/>
        <file crc="2756362537" name="lib/locale/boot_de.jar"/>
        <file crc="2722295641" name="lib/locale/boot_es.jar"/>
        <file crc="386368722" name="lib/locale/boot_fr.jar"/>
        <file crc="2182478429" name="lib/locale/boot_gl_ES.jar"/>
        <file crc="419607719" name="lib/locale/boot_in_ID.jar"/>
        <file crc="1662073624" name="lib/locale/boot_it.jar"/>
        <file crc="1996994609" name="lib/locale/boot_ko.jar"/>
        <file crc="962054789" name="lib/locale/boot_nl_NL.jar"/>
        <file crc="2697859254" name="lib/locale/boot_pl.jar"/>
        <file crc="690348531" name="lib/locale/boot_pt_PT.jar"/>
        <file crc="49354063" name="lib/locale/boot_ro.jar"/>
        <file crc="821192143" name="lib/locale/boot_si.jar"/>
        <file crc="2588487400" name="lib/locale/boot_sq.jar"/>
        <file crc="1148023333" name="lib/locale/boot_sv.jar"/>
        <file crc="1791710320" name="lib/locale/boot_tr.jar"/>
        <file crc="1346628530" name="lib/locale/boot_zh_TW.jar"/>
        <file crc="2456958452" name="lib/nbexec.dll"/>
        <file crc="3581242558" name="lib/nbexec.exe"/>
        <file crc="1697682851" name="lib/nbexec64.dll"/>
        <file crc="3672063725" name="lib/nbexec64.exe"/>
    </module_version>
    <module_version install_time="1351685529883" last="true" origin="NetBeans Distribution" specification_version="2.52.3">
        <file crc="46069828" name="lib/locale/boot_ja.jar"/>
        <file crc="2485104774" name="lib/locale/boot_pt_BR.jar"/>
        <file crc="2030220867" name="lib/locale/boot_ru.jar"/>
        <file crc="3259298199" name="lib/locale/boot_zh_CN.jar"/>
        <file crc="2541057664" name="lib/boot.jar"/>
        <file crc="3646150229" name="lib/nbexec"/>
        <file crc="2456958452" name="lib/nbexec.dll"/>
        <file crc="3581242558" name="lib/nbexec.exe"/>
        <file crc="1697682851" name="lib/nbexec64.dll"/>
        <file crc="3672063725" name="lib/nbexec64.exe"/>
    </module_version>
</module>
