<?xml version="1.0" encoding="UTF-8" standalone="no"?>
<module codename="org.netbeans.modules.options.keymap">
    <module_version install_time="1343681201032" last="false" origin="installer" specification_version="1.19.1">
        <file crc="2363851279" name="config/Modules/org-netbeans-modules-options-keymap.xml"/>
        <file crc="3753127807" name="modules/locale/org-netbeans-modules-options-keymap_ar_SA.jar"/>
        <file crc="4158761264" name="modules/locale/org-netbeans-modules-options-keymap_bg.jar"/>
        <file crc="886988198" name="modules/locale/org-netbeans-modules-options-keymap_ca.jar"/>
        <file crc="555205460" name="modules/locale/org-netbeans-modules-options-keymap_cs.jar"/>
        <file crc="1827162636" name="modules/locale/org-netbeans-modules-options-keymap_de.jar"/>
        <file crc="1821261480" name="modules/locale/org-netbeans-modules-options-keymap_es.jar"/>
        <file crc="633645524" name="modules/locale/org-netbeans-modules-options-keymap_fr.jar"/>
        <file crc="287025805" name="modules/locale/org-netbeans-modules-options-keymap_gl_ES.jar"/>
        <file crc="2304210977" name="modules/locale/org-netbeans-modules-options-keymap_in_ID.jar"/>
        <file crc="2956817170" name="modules/locale/org-netbeans-modules-options-keymap_it.jar"/>
        <file crc="1133836882" name="modules/locale/org-netbeans-modules-options-keymap_ko.jar"/>
        <file crc="1426055834" name="modules/locale/org-netbeans-modules-options-keymap_nl_NL.jar"/>
        <file crc="99731425" name="modules/locale/org-netbeans-modules-options-keymap_pl.jar"/>
        <file crc="1139328610" name="modules/locale/org-netbeans-modules-options-keymap_pt_PT.jar"/>
        <file crc="404430232" name="modules/locale/org-netbeans-modules-options-keymap_ro.jar"/>
        <file crc="1497629959" name="modules/locale/org-netbeans-modules-options-keymap_si.jar"/>
        <file crc="2704771977" name="modules/locale/org-netbeans-modules-options-keymap_sq.jar"/>
        <file crc="215726407" name="modules/locale/org-netbeans-modules-options-keymap_sv.jar"/>
        <file crc="2123607294" name="modules/locale/org-netbeans-modules-options-keymap_tr.jar"/>
        <file crc="2171241248" name="modules/locale/org-netbeans-modules-options-keymap_zh_TW.jar"/>
        <file crc="4141814218" name="modules/org-netbeans-modules-options-keymap.jar"/>
    </module_version>
    <module_version install_time="1351685529521" last="true" origin="NetBeans Distribution" specification_version="1.19.2">
        <file crc="4210198273" name="modules/locale/org-netbeans-modules-options-keymap_ja.jar"/>
        <file crc="2755755387" name="modules/locale/org-netbeans-modules-options-keymap_pt_BR.jar"/>
        <file crc="337339428" name="modules/locale/org-netbeans-modules-options-keymap_ru.jar"/>
        <file crc="1660219362" name="modules/locale/org-netbeans-modules-options-keymap_zh_CN.jar"/>
        <file crc="2363851279" name="config/Modules/org-netbeans-modules-options-keymap.xml"/>
        <file crc="1268450802" name="modules/org-netbeans-modules-options-keymap.jar"/>
    </module_version>
</module>
