<?xml version="1.0" encoding="UTF-8"?><module codename="org.netbeans.core.ui/1">
    <module_version install_time="1343681184781" last="true" origin="installer" specification_version="1.31.1">
        <file crc="3186674130" name="config/Modules/org-netbeans-core-ui.xml"/>
        <file crc="1841211560" name="modules/locale/org-netbeans-core-ui_ar_SA.jar"/>
        <file crc="3720291812" name="modules/locale/org-netbeans-core-ui_bg.jar"/>
        <file crc="294252890" name="modules/locale/org-netbeans-core-ui_ca.jar"/>
        <file crc="196622461" name="modules/locale/org-netbeans-core-ui_cs.jar"/>
        <file crc="4137915655" name="modules/locale/org-netbeans-core-ui_de.jar"/>
        <file crc="770756268" name="modules/locale/org-netbeans-core-ui_es.jar"/>
        <file crc="997007389" name="modules/locale/org-netbeans-core-ui_fr.jar"/>
        <file crc="3990565153" name="modules/locale/org-netbeans-core-ui_gl_ES.jar"/>
        <file crc="4167033023" name="modules/locale/org-netbeans-core-ui_in_ID.jar"/>
        <file crc="2682955030" name="modules/locale/org-netbeans-core-ui_it.jar"/>
        <file crc="3261398788" name="modules/locale/org-netbeans-core-ui_ko.jar"/>
        <file crc="2959034716" name="modules/locale/org-netbeans-core-ui_nl_NL.jar"/>
        <file crc="702406467" name="modules/locale/org-netbeans-core-ui_pl.jar"/>
        <file crc="1842368088" name="modules/locale/org-netbeans-core-ui_pt_PT.jar"/>
        <file crc="139823309" name="modules/locale/org-netbeans-core-ui_ro.jar"/>
        <file crc="1202601799" name="modules/locale/org-netbeans-core-ui_si.jar"/>
        <file crc="1101172309" name="modules/locale/org-netbeans-core-ui_sq.jar"/>
        <file crc="3222521622" name="modules/locale/org-netbeans-core-ui_sv.jar"/>
        <file crc="4059650996" name="modules/locale/org-netbeans-core-ui_tr.jar"/>
        <file crc="4738814" name="modules/locale/org-netbeans-core-ui_zh_TW.jar"/>
        <file crc="3874578087" name="modules/org-netbeans-core-ui.jar"/>
    </module_version>
</module>
