<?xml version="1.0" encoding="UTF-8"?><module codename="org.netbeans.core.output2/1">
    <module_version install_time="1343681135928" last="true" origin="installer" specification_version="1.26.1">
        <file crc="1198063063" name="config/Modules/org-netbeans-core-output2.xml"/>
        <file crc="1158978344" name="modules/locale/org-netbeans-core-output2_ar_SA.jar"/>
        <file crc="3876836493" name="modules/locale/org-netbeans-core-output2_bg.jar"/>
        <file crc="359632211" name="modules/locale/org-netbeans-core-output2_ca.jar"/>
        <file crc="4162896410" name="modules/locale/org-netbeans-core-output2_cs.jar"/>
        <file crc="806675735" name="modules/locale/org-netbeans-core-output2_de.jar"/>
        <file crc="1378597488" name="modules/locale/org-netbeans-core-output2_es.jar"/>
        <file crc="823190326" name="modules/locale/org-netbeans-core-output2_fr.jar"/>
        <file crc="2522447141" name="modules/locale/org-netbeans-core-output2_gl_ES.jar"/>
        <file crc="834948942" name="modules/locale/org-netbeans-core-output2_in_ID.jar"/>
        <file crc="4085151761" name="modules/locale/org-netbeans-core-output2_it.jar"/>
        <file crc="1815476314" name="modules/locale/org-netbeans-core-output2_ko.jar"/>
        <file crc="764065274" name="modules/locale/org-netbeans-core-output2_nl_NL.jar"/>
        <file crc="4167511651" name="modules/locale/org-netbeans-core-output2_pl.jar"/>
        <file crc="3605994836" name="modules/locale/org-netbeans-core-output2_pt_PT.jar"/>
        <file crc="3835630532" name="modules/locale/org-netbeans-core-output2_ro.jar"/>
        <file crc="3735730736" name="modules/locale/org-netbeans-core-output2_si.jar"/>
        <file crc="2507471999" name="modules/locale/org-netbeans-core-output2_sq.jar"/>
        <file crc="1297028670" name="modules/locale/org-netbeans-core-output2_sv.jar"/>
        <file crc="1823616809" name="modules/locale/org-netbeans-core-output2_tr.jar"/>
        <file crc="631210243" name="modules/locale/org-netbeans-core-output2_zh_TW.jar"/>
        <file crc="2984252897" name="modules/org-netbeans-core-output2.jar"/>
    </module_version>
</module>
