<?xml version="1.0" encoding="UTF-8"?><module codename="org.netbeans.core.multiview/1">
    <module_version install_time="1343681130019" last="true" origin="installer" specification_version="1.29.1">
        <file crc="3216778929" name="config/Modules/org-netbeans-core-multiview.xml"/>
        <file crc="3131117167" name="modules/locale/org-netbeans-core-multiview_ar_SA.jar"/>
        <file crc="2574704551" name="modules/locale/org-netbeans-core-multiview_bg.jar"/>
        <file crc="1421001299" name="modules/locale/org-netbeans-core-multiview_ca.jar"/>
        <file crc="4232693108" name="modules/locale/org-netbeans-core-multiview_cs.jar"/>
        <file crc="814953725" name="modules/locale/org-netbeans-core-multiview_de.jar"/>
        <file crc="472936611" name="modules/locale/org-netbeans-core-multiview_es.jar"/>
        <file crc="128444745" name="modules/locale/org-netbeans-core-multiview_fr.jar"/>
        <file crc="3336778094" name="modules/locale/org-netbeans-core-multiview_gl_ES.jar"/>
        <file crc="4186507762" name="modules/locale/org-netbeans-core-multiview_in_ID.jar"/>
        <file crc="1495819130" name="modules/locale/org-netbeans-core-multiview_it.jar"/>
        <file crc="1140720789" name="modules/locale/org-netbeans-core-multiview_ko.jar"/>
        <file crc="2742245822" name="modules/locale/org-netbeans-core-multiview_nl_NL.jar"/>
        <file crc="684682263" name="modules/locale/org-netbeans-core-multiview_pl.jar"/>
        <file crc="3172085513" name="modules/locale/org-netbeans-core-multiview_pt_PT.jar"/>
        <file crc="553046006" name="modules/locale/org-netbeans-core-multiview_ro.jar"/>
        <file crc="1393822679" name="modules/locale/org-netbeans-core-multiview_si.jar"/>
        <file crc="2870084547" name="modules/locale/org-netbeans-core-multiview_sq.jar"/>
        <file crc="619981011" name="modules/locale/org-netbeans-core-multiview_sv.jar"/>
        <file crc="3228522667" name="modules/locale/org-netbeans-core-multiview_tr.jar"/>
        <file crc="2647373104" name="modules/locale/org-netbeans-core-multiview_zh_TW.jar"/>
        <file crc="3204763100" name="modules/org-netbeans-core-multiview.jar"/>
    </module_version>
</module>
