<?xml version="1.0" encoding="UTF-8"?><module codename="org.netbeans.modules.settings/1">
    <module_version install_time="1343681153727" last="true" origin="installer" specification_version="1.35.1">
        <file crc="554047262" name="config/Modules/org-netbeans-modules-settings.xml"/>
        <file crc="3738924344" name="modules/locale/org-netbeans-modules-settings_ar_SA.jar"/>
        <file crc="3257525292" name="modules/locale/org-netbeans-modules-settings_bg.jar"/>
        <file crc="2810952936" name="modules/locale/org-netbeans-modules-settings_ca.jar"/>
        <file crc="2935246876" name="modules/locale/org-netbeans-modules-settings_cs.jar"/>
        <file crc="3589226171" name="modules/locale/org-netbeans-modules-settings_de.jar"/>
        <file crc="2113691168" name="modules/locale/org-netbeans-modules-settings_es.jar"/>
        <file crc="1784031632" name="modules/locale/org-netbeans-modules-settings_fr.jar"/>
        <file crc="2531631224" name="modules/locale/org-netbeans-modules-settings_gl_ES.jar"/>
        <file crc="1669747367" name="modules/locale/org-netbeans-modules-settings_in_ID.jar"/>
        <file crc="1072594927" name="modules/locale/org-netbeans-modules-settings_it.jar"/>
        <file crc="1373017615" name="modules/locale/org-netbeans-modules-settings_ko.jar"/>
        <file crc="2429567929" name="modules/locale/org-netbeans-modules-settings_nl_NL.jar"/>
        <file crc="1408505270" name="modules/locale/org-netbeans-modules-settings_pl.jar"/>
        <file crc="4219465654" name="modules/locale/org-netbeans-modules-settings_pt_PT.jar"/>
        <file crc="353281896" name="modules/locale/org-netbeans-modules-settings_ro.jar"/>
        <file crc="4258544427" name="modules/locale/org-netbeans-modules-settings_si.jar"/>
        <file crc="2426496803" name="modules/locale/org-netbeans-modules-settings_sq.jar"/>
        <file crc="4241847248" name="modules/locale/org-netbeans-modules-settings_sv.jar"/>
        <file crc="2144548571" name="modules/locale/org-netbeans-modules-settings_tr.jar"/>
        <file crc="3238236340" name="modules/locale/org-netbeans-modules-settings_zh_TW.jar"/>
        <file crc="3691096506" name="modules/org-netbeans-modules-settings.jar"/>
    </module_version>
</module>
