<?xml version="1.0" encoding="UTF-8"?><module codename="org.netbeans.swing.plaf">
    <module_version install_time="1343681205639" last="true" origin="installer" specification_version="1.25.1">
        <file crc="4198966476" name="config/Modules/org-netbeans-swing-plaf.xml"/>
        <file crc="287995897" name="modules/locale/org-netbeans-swing-plaf_ar_SA.jar"/>
        <file crc="3230409711" name="modules/locale/org-netbeans-swing-plaf_bg.jar"/>
        <file crc="1321156278" name="modules/locale/org-netbeans-swing-plaf_ca.jar"/>
        <file crc="4266560028" name="modules/locale/org-netbeans-swing-plaf_cs.jar"/>
        <file crc="1367464818" name="modules/locale/org-netbeans-swing-plaf_de.jar"/>
        <file crc="3561976230" name="modules/locale/org-netbeans-swing-plaf_es.jar"/>
        <file crc="3393582998" name="modules/locale/org-netbeans-swing-plaf_fr.jar"/>
        <file crc="3256408880" name="modules/locale/org-netbeans-swing-plaf_gl_ES.jar"/>
        <file crc="2130806041" name="modules/locale/org-netbeans-swing-plaf_in_ID.jar"/>
        <file crc="878535464" name="modules/locale/org-netbeans-swing-plaf_it.jar"/>
        <file crc="889759521" name="modules/locale/org-netbeans-swing-plaf_ko.jar"/>
        <file crc="4184689764" name="modules/locale/org-netbeans-swing-plaf_nl_NL.jar"/>
        <file crc="1568840455" name="modules/locale/org-netbeans-swing-plaf_pl.jar"/>
        <file crc="4192597912" name="modules/locale/org-netbeans-swing-plaf_pt_PT.jar"/>
        <file crc="2678716109" name="modules/locale/org-netbeans-swing-plaf_ro.jar"/>
        <file crc="1594037689" name="modules/locale/org-netbeans-swing-plaf_si.jar"/>
        <file crc="3007518281" name="modules/locale/org-netbeans-swing-plaf_sq.jar"/>
        <file crc="2338230537" name="modules/locale/org-netbeans-swing-plaf_sv.jar"/>
        <file crc="2200215317" name="modules/locale/org-netbeans-swing-plaf_tr.jar"/>
        <file crc="1510563049" name="modules/locale/org-netbeans-swing-plaf_zh_TW.jar"/>
        <file crc="3651091253" name="modules/org-netbeans-swing-plaf.jar"/>
    </module_version>
</module>
