<?xml version="1.0" encoding="UTF-8"?><module codename="org.openide.awt">
    <module_version install_time="1343681220627" last="true" origin="installer" specification_version="7.46.1">
        <file crc="3208246121" name="config/Modules/org-openide-awt.xml"/>
        <file crc="2329814515" name="modules/locale/org-openide-awt_ar_SA.jar"/>
        <file crc="2115832617" name="modules/locale/org-openide-awt_bg.jar"/>
        <file crc="3207772135" name="modules/locale/org-openide-awt_ca.jar"/>
        <file crc="2747822998" name="modules/locale/org-openide-awt_cs.jar"/>
        <file crc="2030043168" name="modules/locale/org-openide-awt_de.jar"/>
        <file crc="459574658" name="modules/locale/org-openide-awt_es.jar"/>
        <file crc="1738499767" name="modules/locale/org-openide-awt_fr.jar"/>
        <file crc="4275914230" name="modules/locale/org-openide-awt_gl_ES.jar"/>
        <file crc="129625202" name="modules/locale/org-openide-awt_in_ID.jar"/>
        <file crc="295721550" name="modules/locale/org-openide-awt_it.jar"/>
        <file crc="2550491200" name="modules/locale/org-openide-awt_ko.jar"/>
        <file crc="3150886678" name="modules/locale/org-openide-awt_nl_NL.jar"/>
        <file crc="1501310627" name="modules/locale/org-openide-awt_pl.jar"/>
        <file crc="1392284063" name="modules/locale/org-openide-awt_pt_PT.jar"/>
        <file crc="1562672868" name="modules/locale/org-openide-awt_ro.jar"/>
        <file crc="2610260932" name="modules/locale/org-openide-awt_si.jar"/>
        <file crc="3905638653" name="modules/locale/org-openide-awt_sq.jar"/>
        <file crc="3184566976" name="modules/locale/org-openide-awt_sv.jar"/>
        <file crc="1944020568" name="modules/locale/org-openide-awt_tr.jar"/>
        <file crc="1750303043" name="modules/locale/org-openide-awt_zh_TW.jar"/>
        <file crc="3349603851" name="modules/org-openide-awt.jar"/>
    </module_version>
</module>
