<?xml version="1.0" encoding="UTF-8"?><module codename="org.netbeans.core.io.ui/1">
    <module_version install_time="1343681222166" last="true" origin="installer" specification_version="1.16.1">
        <file crc="937424920" name="config/Modules/org-netbeans-core-io-ui.xml"/>
        <file crc="1634458720" name="modules/locale/org-netbeans-core-io-ui_ar_SA.jar"/>
        <file crc="2053524333" name="modules/locale/org-netbeans-core-io-ui_bg.jar"/>
        <file crc="4076086869" name="modules/locale/org-netbeans-core-io-ui_ca.jar"/>
        <file crc="699432200" name="modules/locale/org-netbeans-core-io-ui_cs.jar"/>
        <file crc="2352094869" name="modules/locale/org-netbeans-core-io-ui_de.jar"/>
        <file crc="3591877817" name="modules/locale/org-netbeans-core-io-ui_es.jar"/>
        <file crc="2185089349" name="modules/locale/org-netbeans-core-io-ui_fr.jar"/>
        <file crc="2553357982" name="modules/locale/org-netbeans-core-io-ui_gl_ES.jar"/>
        <file crc="3785312308" name="modules/locale/org-netbeans-core-io-ui_in_ID.jar"/>
        <file crc="3165605784" name="modules/locale/org-netbeans-core-io-ui_it.jar"/>
        <file crc="2747793999" name="modules/locale/org-netbeans-core-io-ui_ko.jar"/>
        <file crc="2950584910" name="modules/locale/org-netbeans-core-io-ui_nl_NL.jar"/>
        <file crc="4041096304" name="modules/locale/org-netbeans-core-io-ui_pl.jar"/>
        <file crc="1479397826" name="modules/locale/org-netbeans-core-io-ui_pt_PT.jar"/>
        <file crc="3271655109" name="modules/locale/org-netbeans-core-io-ui_ro.jar"/>
        <file crc="3170655605" name="modules/locale/org-netbeans-core-io-ui_si.jar"/>
        <file crc="1077076766" name="modules/locale/org-netbeans-core-io-ui_sq.jar"/>
        <file crc="2582691834" name="modules/locale/org-netbeans-core-io-ui_sv.jar"/>
        <file crc="2812328024" name="modules/locale/org-netbeans-core-io-ui_tr.jar"/>
        <file crc="500567107" name="modules/locale/org-netbeans-core-io-ui_zh_TW.jar"/>
        <file crc="4026926717" name="modules/org-netbeans-core-io-ui.jar"/>
    </module_version>
</module>
