<?xml version="1.0" encoding="UTF-8" standalone="no"?>
<module codename="org.openide.loaders">
    <module_version install_time="1343681162394" last="false" origin="installer" specification_version="7.37.1">
        <file crc="3523985554" name="config/ModuleAutoDeps/org-openide-loaders.xml"/>
        <file crc="3241200" name="config/Modules/org-openide-loaders.xml"/>
        <file crc="3196209947" name="modules/locale/org-openide-loaders_ar_SA.jar"/>
        <file crc="3107305878" name="modules/locale/org-openide-loaders_bg.jar"/>
        <file crc="1042736290" name="modules/locale/org-openide-loaders_ca.jar"/>
        <file crc="350334418" name="modules/locale/org-openide-loaders_cs.jar"/>
        <file crc="2963830436" name="modules/locale/org-openide-loaders_de.jar"/>
        <file crc="429083862" name="modules/locale/org-openide-loaders_es.jar"/>
        <file crc="4178982291" name="modules/locale/org-openide-loaders_fr.jar"/>
        <file crc="3043720" name="modules/locale/org-openide-loaders_gl_ES.jar"/>
        <file crc="2764619244" name="modules/locale/org-openide-loaders_in_ID.jar"/>
        <file crc="2216190098" name="modules/locale/org-openide-loaders_it.jar"/>
        <file crc="1179472396" name="modules/locale/org-openide-loaders_ko.jar"/>
        <file crc="3304991793" name="modules/locale/org-openide-loaders_nl_NL.jar"/>
        <file crc="880042298" name="modules/locale/org-openide-loaders_pl.jar"/>
        <file crc="3010365016" name="modules/locale/org-openide-loaders_pt_PT.jar"/>
        <file crc="1281840241" name="modules/locale/org-openide-loaders_ro.jar"/>
        <file crc="689731909" name="modules/locale/org-openide-loaders_si.jar"/>
        <file crc="2939968474" name="modules/locale/org-openide-loaders_sq.jar"/>
        <file crc="2501206898" name="modules/locale/org-openide-loaders_sv.jar"/>
        <file crc="2487036510" name="modules/locale/org-openide-loaders_tr.jar"/>
        <file crc="838444914" name="modules/locale/org-openide-loaders_zh_TW.jar"/>
        <file crc="55808501" name="modules/org-openide-loaders.jar"/>
    </module_version>
    <module_version install_time="1351685530382" last="true" origin="NetBeans Distribution" specification_version="7.37.3">
        <file crc="3152006637" name="modules/locale/org-openide-loaders_ja.jar"/>
        <file crc="1514865602" name="modules/locale/org-openide-loaders_pt_BR.jar"/>
        <file crc="119274482" name="modules/locale/org-openide-loaders_ru.jar"/>
        <file crc="42750226" name="modules/locale/org-openide-loaders_zh_CN.jar"/>
        <file crc="3523985554" name="config/ModuleAutoDeps/org-openide-loaders.xml"/>
        <file crc="3241200" name="config/Modules/org-openide-loaders.xml"/>
        <file crc="841986266" name="modules/org-openide-loaders.jar"/>
    </module_version>
</module>
