<?xml version="1.0" encoding="UTF-8"?><module codename="org.netbeans.modules.masterfs.linux">
    <module_version install_time="1343681159457" last="true" origin="installer" specification_version="1.1.1">
        <file crc="367044464" name="config/Modules/org-netbeans-modules-masterfs-linux.xml"/>
        <file crc="2167206336" name="modules/locale/org-netbeans-modules-masterfs-linux_de.jar"/>
        <file crc="1061960273" name="modules/locale/org-netbeans-modules-masterfs-linux_es.jar"/>
        <file crc="4051392519" name="modules/locale/org-netbeans-modules-masterfs-linux_fr.jar"/>
        <file crc="3632558373" name="modules/locale/org-netbeans-modules-masterfs-linux_it.jar"/>
        <file crc="1365577624" name="modules/org-netbeans-modules-masterfs-linux.jar"/>
    </module_version>
</module>
