<?xml version="1.0" encoding="UTF-8"?><module codename="org.netbeans.modules.keyring">
    <module_version install_time="1343681216089" last="true" origin="installer" specification_version="1.11.1">
        <file crc="3581559990" name="config/Modules/org-netbeans-modules-keyring.xml"/>
        <file crc="962443310" name="modules/locale/org-netbeans-modules-keyring_bg.jar"/>
        <file crc="547978311" name="modules/locale/org-netbeans-modules-keyring_ca.jar"/>
        <file crc="3208602282" name="modules/locale/org-netbeans-modules-keyring_cs.jar"/>
        <file crc="3803535184" name="modules/locale/org-netbeans-modules-keyring_de.jar"/>
        <file crc="2741004624" name="modules/locale/org-netbeans-modules-keyring_es.jar"/>
        <file crc="1170554857" name="modules/locale/org-netbeans-modules-keyring_fr.jar"/>
        <file crc="3497341318" name="modules/locale/org-netbeans-modules-keyring_gl_ES.jar"/>
        <file crc="2630040266" name="modules/locale/org-netbeans-modules-keyring_in_ID.jar"/>
        <file crc="3379177148" name="modules/locale/org-netbeans-modules-keyring_it.jar"/>
        <file crc="1881225484" name="modules/locale/org-netbeans-modules-keyring_ko.jar"/>
        <file crc="3161143808" name="modules/locale/org-netbeans-modules-keyring_nl_NL.jar"/>
        <file crc="395938621" name="modules/locale/org-netbeans-modules-keyring_pl.jar"/>
        <file crc="3776442100" name="modules/locale/org-netbeans-modules-keyring_ro.jar"/>
        <file crc="3043501891" name="modules/locale/org-netbeans-modules-keyring_si.jar"/>
        <file crc="70681826" name="modules/locale/org-netbeans-modules-keyring_sv.jar"/>
        <file crc="3886048362" name="modules/locale/org-netbeans-modules-keyring_tr.jar"/>
        <file crc="1306461186" name="modules/org-netbeans-modules-keyring.jar"/>
    </module_version>
</module>
