<?xml version="1.0" encoding="UTF-8"?><module codename="org.netbeans.core.netigso">
    <module_version install_time="1343681217509" last="true" origin="installer" specification_version="1.16.1">
        <file crc="3723901005" name="config/Modules/org-netbeans-core-netigso.xml"/>
        <file crc="3428046280" name="modules/locale/org-netbeans-core-netigso_bg.jar"/>
        <file crc="2831941397" name="modules/locale/org-netbeans-core-netigso_ca.jar"/>
        <file crc="160478019" name="modules/locale/org-netbeans-core-netigso_cs.jar"/>
        <file crc="1021634797" name="modules/locale/org-netbeans-core-netigso_de.jar"/>
        <file crc="1859998914" name="modules/locale/org-netbeans-core-netigso_es.jar"/>
        <file crc="2342022108" name="modules/locale/org-netbeans-core-netigso_fr.jar"/>
        <file crc="1528890589" name="modules/locale/org-netbeans-core-netigso_gl_ES.jar"/>
        <file crc="4185848244" name="modules/locale/org-netbeans-core-netigso_in_ID.jar"/>
        <file crc="2040610446" name="modules/locale/org-netbeans-core-netigso_it.jar"/>
        <file crc="382303266" name="modules/locale/org-netbeans-core-netigso_ko.jar"/>
        <file crc="2055966857" name="modules/locale/org-netbeans-core-netigso_nl_NL.jar"/>
        <file crc="1479691766" name="modules/locale/org-netbeans-core-netigso_pl.jar"/>
        <file crc="1937642390" name="modules/locale/org-netbeans-core-netigso_ro.jar"/>
        <file crc="422035809" name="modules/locale/org-netbeans-core-netigso_si.jar"/>
        <file crc="1348436377" name="modules/locale/org-netbeans-core-netigso_sv.jar"/>
        <file crc="4228459527" name="modules/locale/org-netbeans-core-netigso_tr.jar"/>
        <file crc="275291189" name="modules/org-netbeans-core-netigso.jar"/>
    </module_version>
</module>
