<?xml version="1.0" encoding="UTF-8"?><module codename="org.netbeans.modules.spi.actions/1">
    <module_version install_time="1343681189247" last="true" origin="installer" specification_version="1.15.1">
        <file crc="1336977091" name="config/Modules/org-netbeans-modules-spi-actions.xml"/>
        <file crc="577094926" name="modules/locale/org-netbeans-modules-spi-actions_ar_SA.jar"/>
        <file crc="1043809663" name="modules/locale/org-netbeans-modules-spi-actions_bg.jar"/>
        <file crc="2470847826" name="modules/locale/org-netbeans-modules-spi-actions_ca.jar"/>
        <file crc="4118689017" name="modules/locale/org-netbeans-modules-spi-actions_cs.jar"/>
        <file crc="718458467" name="modules/locale/org-netbeans-modules-spi-actions_de.jar"/>
        <file crc="527435914" name="modules/locale/org-netbeans-modules-spi-actions_es.jar"/>
        <file crc="3952715055" name="modules/locale/org-netbeans-modules-spi-actions_fr.jar"/>
        <file crc="2203788310" name="modules/locale/org-netbeans-modules-spi-actions_gl_ES.jar"/>
        <file crc="801021592" name="modules/locale/org-netbeans-modules-spi-actions_in_ID.jar"/>
        <file crc="826106713" name="modules/locale/org-netbeans-modules-spi-actions_it.jar"/>
        <file crc="3699566815" name="modules/locale/org-netbeans-modules-spi-actions_ko.jar"/>
        <file crc="2531185093" name="modules/locale/org-netbeans-modules-spi-actions_nl_NL.jar"/>
        <file crc="1210875332" name="modules/locale/org-netbeans-modules-spi-actions_pl.jar"/>
        <file crc="184513703" name="modules/locale/org-netbeans-modules-spi-actions_pt_PT.jar"/>
        <file crc="3594906122" name="modules/locale/org-netbeans-modules-spi-actions_ro.jar"/>
        <file crc="2705260574" name="modules/locale/org-netbeans-modules-spi-actions_si.jar"/>
        <file crc="455481769" name="modules/locale/org-netbeans-modules-spi-actions_sq.jar"/>
        <file crc="2042197015" name="modules/locale/org-netbeans-modules-spi-actions_sv.jar"/>
        <file crc="2847518106" name="modules/locale/org-netbeans-modules-spi-actions_tr.jar"/>
        <file crc="1630063667" name="modules/locale/org-netbeans-modules-spi-actions_zh_TW.jar"/>
        <file crc="3798836308" name="modules/org-netbeans-modules-spi-actions.jar"/>
    </module_version>
</module>
