<?xml version="1.0" encoding="UTF-8" standalone="no"?>
<module codename="org.netbeans.core.windows/2">
    <module_version install_time="1343681133002" last="false" origin="installer" specification_version="2.49.1">
        <file crc="1059846727" name="config/Modules/org-netbeans-core-windows.xml"/>
        <file crc="3646895616" name="modules/locale/org-netbeans-core-windows_ar_SA.jar"/>
        <file crc="2700323534" name="modules/locale/org-netbeans-core-windows_bg.jar"/>
        <file crc="4097754030" name="modules/locale/org-netbeans-core-windows_ca.jar"/>
        <file crc="3201601589" name="modules/locale/org-netbeans-core-windows_cs.jar"/>
        <file crc="859734780" name="modules/locale/org-netbeans-core-windows_de.jar"/>
        <file crc="150539659" name="modules/locale/org-netbeans-core-windows_es.jar"/>
        <file crc="1133796318" name="modules/locale/org-netbeans-core-windows_fr.jar"/>
        <file crc="2433543374" name="modules/locale/org-netbeans-core-windows_gl_ES.jar"/>
        <file crc="1219274746" name="modules/locale/org-netbeans-core-windows_in_ID.jar"/>
        <file crc="4100721184" name="modules/locale/org-netbeans-core-windows_it.jar"/>
        <file crc="230126063" name="modules/locale/org-netbeans-core-windows_ko.jar"/>
        <file crc="1113227682" name="modules/locale/org-netbeans-core-windows_nl_NL.jar"/>
        <file crc="3887974014" name="modules/locale/org-netbeans-core-windows_pl.jar"/>
        <file crc="1261297832" name="modules/locale/org-netbeans-core-windows_pt_PT.jar"/>
        <file crc="1466905674" name="modules/locale/org-netbeans-core-windows_ro.jar"/>
        <file crc="3617581603" name="modules/locale/org-netbeans-core-windows_si.jar"/>
        <file crc="2578672326" name="modules/locale/org-netbeans-core-windows_sq.jar"/>
        <file crc="3978113631" name="modules/locale/org-netbeans-core-windows_sv.jar"/>
        <file crc="200908064" name="modules/locale/org-netbeans-core-windows_tr.jar"/>
        <file crc="900774994" name="modules/locale/org-netbeans-core-windows_zh_TW.jar"/>
        <file crc="1178965367" name="modules/org-netbeans-core-windows.jar"/>
    </module_version>
    <module_version install_time="1351685529717" last="true" origin="NetBeans Distribution" specification_version="2.49.3">
        <file crc="873289479" name="modules/locale/org-netbeans-core-windows_ja.jar"/>
        <file crc="1327280921" name="modules/locale/org-netbeans-core-windows_pt_BR.jar"/>
        <file crc="3450764426" name="modules/locale/org-netbeans-core-windows_ru.jar"/>
        <file crc="1651861564" name="modules/locale/org-netbeans-core-windows_zh_CN.jar"/>
        <file crc="1059846727" name="config/Modules/org-netbeans-core-windows.xml"/>
        <file crc="3470225436" name="modules/org-netbeans-core-windows.jar"/>
    </module_version>
</module>
