<?xml version="1.0" encoding="UTF-8"?><module codename="org.netbeans.api.progress/1">
    <module_version install_time="1343681150696" last="true" origin="installer" specification_version="1.28.1">
        <file crc="1605883752" name="config/Modules/org-netbeans-api-progress.xml"/>
        <file crc="334794579" name="modules/locale/org-netbeans-api-progress_ar_SA.jar"/>
        <file crc="1033716793" name="modules/locale/org-netbeans-api-progress_bg.jar"/>
        <file crc="2466068683" name="modules/locale/org-netbeans-api-progress_ca.jar"/>
        <file crc="1678658896" name="modules/locale/org-netbeans-api-progress_cs.jar"/>
        <file crc="3781641403" name="modules/locale/org-netbeans-api-progress_de.jar"/>
        <file crc="547830340" name="modules/locale/org-netbeans-api-progress_es.jar"/>
        <file crc="1919979833" name="modules/locale/org-netbeans-api-progress_fr.jar"/>
        <file crc="569449810" name="modules/locale/org-netbeans-api-progress_gl_ES.jar"/>
        <file crc="3964632517" name="modules/locale/org-netbeans-api-progress_in_ID.jar"/>
        <file crc="1301766583" name="modules/locale/org-netbeans-api-progress_it.jar"/>
        <file crc="1726697708" name="modules/locale/org-netbeans-api-progress_ko.jar"/>
        <file crc="1401541933" name="modules/locale/org-netbeans-api-progress_nl_NL.jar"/>
        <file crc="1704643694" name="modules/locale/org-netbeans-api-progress_pl.jar"/>
        <file crc="2115687013" name="modules/locale/org-netbeans-api-progress_pt_PT.jar"/>
        <file crc="108028775" name="modules/locale/org-netbeans-api-progress_ro.jar"/>
        <file crc="2340429550" name="modules/locale/org-netbeans-api-progress_si.jar"/>
        <file crc="2392240365" name="modules/locale/org-netbeans-api-progress_sq.jar"/>
        <file crc="1403069873" name="modules/locale/org-netbeans-api-progress_sv.jar"/>
        <file crc="3792283812" name="modules/locale/org-netbeans-api-progress_tr.jar"/>
        <file crc="1598259481" name="modules/locale/org-netbeans-api-progress_zh_TW.jar"/>
        <file crc="1621636114" name="modules/org-netbeans-api-progress.jar"/>
    </module_version>
</module>
