<?xml version="1.0" encoding="UTF-8"?><module codename="org.netbeans.modules.masterfs.solaris">
    <module_version install_time="1343681213205" last="true" origin="installer" specification_version="1.1.1">
        <file crc="124835977" name="config/Modules/org-netbeans-modules-masterfs-solaris.xml"/>
        <file crc="1558418757" name="modules/locale/org-netbeans-modules-masterfs-solaris_de.jar"/>
        <file crc="3699149202" name="modules/locale/org-netbeans-modules-masterfs-solaris_es.jar"/>
        <file crc="3593472746" name="modules/locale/org-netbeans-modules-masterfs-solaris_fr.jar"/>
        <file crc="3124977162" name="modules/locale/org-netbeans-modules-masterfs-solaris_it.jar"/>
        <file crc="4227009325" name="modules/org-netbeans-modules-masterfs-solaris.jar"/>
    </module_version>
</module>
