<?xml version="1.0" encoding="UTF-8"?><module codename="org.netbeans.modules.masterfs.macosx">
    <module_version install_time="1343681143209" last="true" origin="installer" specification_version="1.1.1">
        <file crc="4284776310" name="config/Modules/org-netbeans-modules-masterfs-macosx.xml"/>
        <file crc="2507101633" name="modules/locale/org-netbeans-modules-masterfs-macosx_de.jar"/>
        <file crc="1875041727" name="modules/locale/org-netbeans-modules-masterfs-macosx_es.jar"/>
        <file crc="18245051" name="modules/locale/org-netbeans-modules-masterfs-macosx_fr.jar"/>
        <file crc="3966526004" name="modules/locale/org-netbeans-modules-masterfs-macosx_it.jar"/>
        <file crc="4273049056" name="modules/org-netbeans-modules-masterfs-macosx.jar"/>
    </module_version>
</module>
