<?xml version="1.0" encoding="UTF-8"?><module codename="org.netbeans.modules.progress.ui">
    <module_version install_time="1343681178837" last="true" origin="installer" specification_version="1.20.1">
        <file crc="3222128542" name="config/Modules/org-netbeans-modules-progress-ui.xml"/>
        <file crc="621883195" name="modules/locale/org-netbeans-modules-progress-ui_ar_SA.jar"/>
        <file crc="2033140261" name="modules/locale/org-netbeans-modules-progress-ui_bg.jar"/>
        <file crc="3146237938" name="modules/locale/org-netbeans-modules-progress-ui_ca.jar"/>
        <file crc="4162540594" name="modules/locale/org-netbeans-modules-progress-ui_cs.jar"/>
        <file crc="467190683" name="modules/locale/org-netbeans-modules-progress-ui_de.jar"/>
        <file crc="3398505630" name="modules/locale/org-netbeans-modules-progress-ui_es.jar"/>
        <file crc="3259974654" name="modules/locale/org-netbeans-modules-progress-ui_fr.jar"/>
        <file crc="1045825859" name="modules/locale/org-netbeans-modules-progress-ui_gl_ES.jar"/>
        <file crc="1736840933" name="modules/locale/org-netbeans-modules-progress-ui_in_ID.jar"/>
        <file crc="3268751554" name="modules/locale/org-netbeans-modules-progress-ui_it.jar"/>
        <file crc="3879653834" name="modules/locale/org-netbeans-modules-progress-ui_ko.jar"/>
        <file crc="3173686205" name="modules/locale/org-netbeans-modules-progress-ui_nl_NL.jar"/>
        <file crc="2040039863" name="modules/locale/org-netbeans-modules-progress-ui_pl.jar"/>
        <file crc="1728267382" name="modules/locale/org-netbeans-modules-progress-ui_pt_PT.jar"/>
        <file crc="2271516183" name="modules/locale/org-netbeans-modules-progress-ui_ro.jar"/>
        <file crc="3134094047" name="modules/locale/org-netbeans-modules-progress-ui_si.jar"/>
        <file crc="2722898734" name="modules/locale/org-netbeans-modules-progress-ui_sq.jar"/>
        <file crc="2106864140" name="modules/locale/org-netbeans-modules-progress-ui_sv.jar"/>
        <file crc="4205618479" name="modules/locale/org-netbeans-modules-progress-ui_tr.jar"/>
        <file crc="4041412262" name="modules/locale/org-netbeans-modules-progress-ui_zh_TW.jar"/>
        <file crc="508818090" name="modules/org-netbeans-modules-progress-ui.jar"/>
    </module_version>
</module>
