<?xml version="1.0" encoding="UTF-8"?>
<module codename="es.regueiro.easyrepair.reports">
    <module_version install_time="1363873626038" last="true" origin="installer" specification_version="1.0">
        <file crc="2508801748" name="config/Modules/es-regueiro-easyrepair-reports.xml"/>
        <file crc="2209386579" name="modules/es-regueiro-easyrepair-reports.jar"/>
        <file crc="1633550484" name="modules/ext/avalon-LICENSE.txt"/>
        <file crc="3554432664" name="modules/ext/avalon-NOTICE.txt"/>
        <file crc="56307348" name="modules/ext/avalon-framework-impl-4.2.0.jar"/>
        <file crc="2506735385" name="modules/ext/barbecue-1.5-beta1.jar"/>
        <file crc="3628149773" name="modules/ext/barbecue-LICENSE.txt"/>
        <file crc="3801971729" name="modules/ext/barcode4j-2.0.jar"/>
        <file crc="1231013273" name="modules/ext/barcode4j-LICENSE.txt"/>
        <file crc="3431956541" name="modules/ext/barcode4j-NOTICE.txt"/>
        <file crc="2882495438" name="modules/ext/batik-LICENSE.txt"/>
        <file crc="3813308714" name="modules/ext/batik-anim-1.7.jar"/>
        <file crc="4277228369" name="modules/ext/batik-awt-util-1.7.jar"/>
        <file crc="2298984112" name="modules/ext/batik-bridge-1.7.jar"/>
        <file crc="793821825" name="modules/ext/batik-css-1.7.jar"/>
        <file crc="2608077669" name="modules/ext/batik-dom-1.7.jar"/>
        <file crc="1085953367" name="modules/ext/batik-ext-1.7.jar"/>
        <file crc="2759434962" name="modules/ext/batik-gvt-1.7.jar"/>
        <file crc="538149297" name="modules/ext/batik-parser-1.7.jar"/>
        <file crc="3876875797" name="modules/ext/batik-script-1.7.jar"/>
        <file crc="4170266847" name="modules/ext/batik-svg-dom-1.7.jar"/>
        <file crc="1822598402" name="modules/ext/batik-util-1.7.jar"/>
        <file crc="3401832098" name="modules/ext/batik-xml-1.7.jar"/>
        <file crc="1037907472" name="modules/ext/bcprov-LICENSE.txt"/>
        <file crc="401457712" name="modules/ext/bcprov-jdk14-138.jar"/>
        <file crc="2263004340" name="modules/ext/commons-LICENSE.txt"/>
        <file crc="404308643" name="modules/ext/commons-NOTICE.txt"/>
        <file crc="3844256829" name="modules/ext/commons-beanutils-1.8.0.jar"/>
        <file crc="28241745" name="modules/ext/commons-collections-3.2.1.jar"/>
        <file crc="3601604718" name="modules/ext/commons-digester-2.1.jar"/>
        <file crc="2161200083" name="modules/ext/commons-lang-2.5.jar"/>
        <file crc="2621656446" name="modules/ext/commons-lang3-3.1.jar"/>
        <file crc="3077296198" name="modules/ext/commons-logging-1.1.1.jar"/>
        <file crc="3179371030" name="modules/ext/dynamicreports-adhoc-3.1.0-sources.jar"/>
        <file crc="3858855999" name="modules/ext/dynamicreports-adhoc-3.1.0.jar"/>
        <file crc="3610155726" name="modules/ext/dynamicreports-core-3.1.0-javadoc.jar"/>
        <file crc="3354501352" name="modules/ext/dynamicreports-core-3.1.0-sources.jar"/>
        <file crc="1191490227" name="modules/ext/dynamicreports-core-3.1.0.jar"/>
        <file crc="3646717406" name="modules/ext/hsqldb-1.8.0.10.jar"/>
        <file crc="379285141" name="modules/ext/hsqldb-LICENSE.txt"/>
        <file crc="2491460800" name="modules/ext/iText-LICENSE.txt"/>
        <file crc="3598344187" name="modules/ext/itext-2.1.7.jar"/>
        <file crc="2263004340" name="modules/ext/jackson-core-asl-1.9.4-LICENSE.txt"/>
        <file crc="2367747206" name="modules/ext/jackson-core-asl-1.9.4-NOTICE.txt"/>
        <file crc="3244750027" name="modules/ext/jackson-core-asl-1.9.4.jar"/>
        <file crc="2263004340" name="modules/ext/jackson-mapper-asl-1.9.4-LICENSE.txt"/>
        <file crc="2367747206" name="modules/ext/jackson-mapper-asl-1.9.4-NOTICE.txt"/>
        <file crc="3604173282" name="modules/ext/jackson-mapper-asl-1.9.4.jar"/>
        <file crc="129651783" name="modules/ext/jasperreports-4.7.1.jar"/>
        <file crc="1706837828" name="modules/ext/jasperreports-LICENSE.txt"/>
        <file crc="1871618793" name="modules/ext/jcommon-1.0.15.jar"/>
        <file crc="2471564426" name="modules/ext/jcommon-LICENSE.txt"/>
        <file crc="2115505048" name="modules/ext/jdtcore-3.1.0.jar"/>
        <file crc="1806623460" name="modules/ext/jdtcore-LICENSE.txt"/>
        <file crc="987423026" name="modules/ext/jfreechart-1.0.12.jar"/>
        <file crc="2471564426" name="modules/ext/jfreechart-LICENSE.txt"/>
        <file crc="2853118225" name="modules/ext/json-20080701.jar"/>
        <file crc="1118066309" name="modules/ext/jxl-2.6.10.jar"/>
        <file crc="2471564426" name="modules/ext/jxl-LICENSE.txt"/>
        <file crc="1627829320" name="modules/ext/log4j-1.2.14.jar"/>
        <file crc="3958599929" name="modules/ext/log4j-LICENSE.txt"/>
        <file crc="3236109920" name="modules/ext/poi-3.7.jar"/>
        <file crc="2624264045" name="modules/ext/poi-LICENSE.txt"/>
        <file crc="3558139706" name="modules/ext/poi-NOTICE.txt"/>
        <file crc="2904644186" name="modules/ext/serializer-2.7.1.jar"/>
        <file crc="3099729595" name="modules/ext/serializer-LICENSE.txt"/>
        <file crc="3676067130" name="modules/ext/spring-LICENSE.txt"/>
        <file crc="3303093083" name="modules/ext/spring-beans-2.5.jar"/>
        <file crc="2319676414" name="modules/ext/spring-core-2.5.jar"/>
        <file crc="3200881551" name="modules/ext/velocity-1.7.jar"/>
        <file crc="2263004340" name="modules/ext/velocity-LICENSE.txt"/>
        <file crc="393559441" name="modules/ext/xalan-2.7.1.jar"/>
        <file crc="3099729595" name="modules/ext/xalan-LICENSE.txt"/>
        <file crc="2669779638" name="modules/ext/xml-apis-1.3.04.jar"/>
        <file crc="1231013273" name="modules/ext/xml-apis-LICENSE.txt"/>
        <file crc="3629785515" name="modules/ext/xml-apis-NOTICE.txt"/>
        <file crc="2268634152" name="modules/ext/xml-apis-ext-1.3.04.jar"/>
    </module_version>
</module>
