<?xml version="1.0" encoding="UTF-8"?>
<module codename="es.regueiro.easyrepair.shared.libraries">
    <module_version install_time="1363873623721" last="true" origin="installer" specification_version="1.0">
        <file crc="2774833500" name="config/Modules/es-regueiro-easyrepair-shared-libraries.xml"/>
        <file crc="4221858367" name="modules/es-regueiro-easyrepair-shared-libraries.jar"/>
        <file crc="2621656446" name="modules/ext/commons-lang3-3.1.jar"/>
        <file crc="4065229087" name="modules/ext/commons-validator-1.4.0.jar"/>
        <file crc="1303232715" name="modules/ext/dynamicreports-core-2.4.1.jar"/>
        <file crc="70387910" name="modules/ext/freemarker.jar"/>
        <file crc="2668978855" name="modules/ext/jasperreports-4.5.1.jar"/>
        <file crc="1706837828" name="modules/ext/jasperreports-LICENSE.txt"/>
        <file crc="1435052619" name="modules/ext/jdatepicker-1.3.2.jar"/>
        <file crc="1685266790" name="modules/ext/joda-time-2.1.jar"/>
        <file crc="4166495285" name="modules/ext/libphonenumber-4.6.jar"/>
        <file crc="1009213545" name="modules/ext/valnif.jar"/>
    </module_version>
</module>
