<?xml version="1.0" encoding="UTF-8"?>
<module codename="es.regueiro.easyrepair.persistency">
    <module_version install_time="1363873627817" last="true" origin="installer" specification_version="1.0">
        <file crc="1092897923" name="config/Modules/es-regueiro-easyrepair-persistency.xml"/>
        <file crc="698777688" name="config/hibernate.cfg.xml"/>
        <file crc="370418171" name="modules/es-regueiro-easyrepair-persistency.jar"/>
        <file crc="914671301" name="modules/ext/antlr-2.7.7.jar"/>
        <file crc="4207353500" name="modules/ext/c3p0-0.9.1.jar"/>
        <file crc="28241745" name="modules/ext/commons-collections-3.2.1.jar"/>
        <file crc="2050839146" name="modules/ext/dom4j-1.6.1.jar"/>
        <file crc="1977153124" name="modules/ext/hibernate-c3p0-4.1.0.Final.jar"/>
        <file crc="390518467" name="modules/ext/hibernate-commons-annotations-4.0.1.Final.jar"/>
        <file crc="3690689977" name="modules/ext/hibernate-core-4.1.0.Final.jar"/>
        <file crc="3567434457" name="modules/ext/hibernate-entitymanager-4.1.0.Final.jar"/>
        <file crc="1120572416" name="modules/ext/hibernate-envers-4.1.0.Final.jar"/>
        <file crc="3061699236" name="modules/ext/hibernate-jpa-2.0-api-1.0.1.Final.jar"/>
        <file crc="4180704473" name="modules/ext/javassist-3.15.0-GA.jar"/>
        <file crc="2959703804" name="modules/ext/jboss-logging-3.1.0.CR2.jar"/>
        <file crc="216948112" name="modules/ext/jboss-transaction-api_1.1_spec-1.0.0.Final.jar"/>
        <file crc="1933678131" name="modules/ext/mysql-connector-java-5.1.18-bin.jar"/>
        <file crc="2352678265" name="modules/ext/slf4j-api-1.6.4.jar"/>
        <file crc="269010263" name="modules/ext/slf4j-log4j12-1.6.4.jar"/>
        <file crc="3516685249" name="modules/ext/usertype.core-3.0.0.CR1.jar"/>
        <file crc="1420707804" name="modules/ext/usertype.spi-3.0.0.CR1.jar"/>
    </module_version>
</module>
